subscriptionId,location,resourceGroup,resource,status,summary,reason,occuredTime,reportedTime
bc30cb80-dddc-4046-94fc-8973e783272b,eastus2,rg-it-admin-foundation-eus-001,stitdevopsprodtfstate001,Available,There aren't any known Azure platform problems affecting this storage account.,,3/21/2022 0:00,4/20/2022 15:20
bc30cb80-dddc-4046-94fc-8973e783272b,eastus2,rg-it-network-hub-eus2-001,useast2-fw01,Available,There aren't any known Azure platform problems affecting this virtual machine.,,3/21/2022 0:00,4/20/2022 15:20
bc30cb80-dddc-4046-94fc-8973e783272b,eastus2,rg-it-network-hub-eus2-001,useast2-fw02,Available,There aren't any known Azure platform problems affecting this virtual machine.,,3/21/2022 0:00,4/20/2022 15:20
bc30cb80-dddc-4046-94fc-8973e783272b,eastus2,rg-it-network-hub-eus2-001,lbi-it-network-fnd-eus2-001,Available,There aren't any known Azure platform problems affecting this Load Balancer.,,3/21/2022 0:00,4/20/2022 15:20
bc30cb80-dddc-4046-94fc-8973e783272b,eastus2,rg-it-network-hub-eus2-001,lbe-it-network-fnd-eus2-001,Available,There aren't any known Azure platform problems affecting this Load Balancer.,,3/21/2022 0:00,4/20/2022 15:20
bc30cb80-dddc-4046-94fc-8973e783272b,eastus2,rg-it-network-hub-eus2-001,erc-it-hub-fnd-eus2-001,Available,There are no known Azure platform problems affecting this ExpressRoute circuit.,,3/27/2022 4:53,4/20/2022 15:20
bc30cb80-dddc-4046-94fc-8973e783272b,eastus2,rg-it-network-hub-eus2-001,vgw-it-hub-fnd-eus2-001,Available,This gateway is running normally. There aren’t any known Azure platform problems affecting this gateway.,,3/21/2022 0:00,4/20/2022 15:20
bc30cb80-dddc-4046-94fc-8973e783272b,eastus2,rg-it-network-hub-eus2-001,con-it-hub-fnd-eus2-001,Available,This VPN connection is running normally. There aren’t any known Azure platform problems affecting this VPN connection.,,3/21/2022 0:00,4/20/2022 15:20
bc30cb80-dddc-4046-94fc-8973e783272b,eastus2,rg-it-network-hub-eus2-001,con-it-hub-fnd-eus2-002,Available,This VPN connection is running normally. There aren’t any known Azure platform problems affecting this VPN connection.,,3/21/2022 0:00,4/20/2022 15:20
bc30cb80-dddc-4046-94fc-8973e783272b,eastus2,rg-it-network-shared-eus2-001,linuxdnstest,Available,There aren't any known Azure platform problems affecting this storage account.,,3/21/2022 0:00,4/20/2022 15:20
bc30cb80-dddc-4046-94fc-8973e783272b,eastus2,rg-it-coresvcs-prod-eus2-001,stitcoresvcsprodeus2002,Available,There aren't any known Azure platform problems affecting this storage account.,,3/21/2022 0:00,4/20/2022 15:20
bc30cb80-dddc-4046-94fc-8973e783272b,eastus2,rg-it-coresvcs-prod-eus2-001,dnsdirectdeployment,Available,There aren't any known Azure platform problems affecting this storage account.,,3/21/2022 0:00,4/20/2022 15:20
bc30cb80-dddc-4046-94fc-8973e783272b,eastus2,rg-it-coresvcs-prod-eus2-001,qrprodeus2001-vmlinux-0,Available,There aren't any known Azure platform problems affecting this virtual machine.,,3/21/2022 0:00,4/20/2022 15:20
bc30cb80-dddc-4046-94fc-8973e783272b,eastus2,rg-it-coresvcs-prod-eus2-001,dnsfwdprodeus2002-vmlinux-0,Available,There aren't any known Azure platform problems affecting this virtual machine.,,3/21/2022 0:00,4/20/2022 15:20
bc30cb80-dddc-4046-94fc-8973e783272b,eastus2,rg-it-coresvcs-prod-eus2-001,dnsfwdprodeus2001-vmlinux-0,Available,There aren't any known Azure platform problems affecting this virtual machine.,,3/21/2022 0:00,4/20/2022 15:20
bc30cb80-dddc-4046-94fc-8973e783272b,eastus2,rg-it-coresvcs-prod-eus2-001,rsv-it-coresvcs-prod-eus2-001,Available,There are no known issues affecting this recovery service vault.,,3/21/2022 0:00,4/20/2022 15:20
bc30cb80-dddc-4046-94fc-8973e783272b,eastus2,rg-it-coresvcs-prod-eus2-001,evh-it-coresvcs-prod-eus2-001,Available,There are no known issues affecting this Event Hubs namespace.,,3/21/2022 0:00,4/20/2022 15:20
bc30cb80-dddc-4046-94fc-8973e783272b,eastus2,rg-it-mon-fnd-eus2-001,stitmonfndeus2001,Available,There aren't any known Azure platform problems affecting this storage account.,,3/21/2022 0:00,4/20/2022 15:20
bc30cb80-dddc-4046-94fc-8973e783272b,eastus2,rg-it-mon-fnd-eus2-001,log-it-mon-fnd-eus2-001,Available,There aren't any known Azure platform problems affecting this workspace.,,4/4/2022 17:13,4/20/2022 15:20
bc30cb80-dddc-4046-94fc-8973e783272b,eastus2,rg-everwatch25-20211220154145,nlsw72dglgeqaazscripts,Available,There aren't any known Azure platform problems affecting this storage account.,,3/21/2022 0:00,4/20/2022 15:20
bc30cb80-dddc-4046-94fc-8973e783272b,eastus2,rg-everwatch25-20211220154145,praeverwatch,Available,There aren't any known Azure platform problems affecting this storage account.,,3/21/2022 0:00,4/20/2022 15:20
bc30cb80-dddc-4046-94fc-8973e783272b,eastus,rg-everwatch25-20211220154145,ewcloudshell211230,Available,There aren't any known Azure platform problems affecting this storage account.,,3/21/2022 0:00,4/20/2022 15:20
bc30cb80-dddc-4046-94fc-8973e783272b,eastus2,rg-everwatch25-20211220154145,praeverwatch,Available,There aren't any known Azure platform problems affecting this workspace.,,3/29/2022 20:24,4/20/2022 15:20
3ed787a6-c475-45af-be22-058195388d44,eastus2,rg-it-jap-snd-eus2-001,stitjapsndeus2001,Available,There aren't any known Azure platform problems affecting this storage account.,,3/21/2022 0:00,4/20/2022 15:20
3ed787a6-c475-45af-be22-058195388d44,eastus2,rg-it-jap-snd-eus2-001,kv-it-jap-snd-eus2-001,Available,There aren't any known Azure platform problems affecting this key vault.,,3/21/2022 0:00,4/20/2022 15:20
0eb0b7a5-3936-4869-9e77-bdb34263e1db,eastus2,rg-it-network-prod-eus2-001,plan-it-py-prod-eus2-001,Available,The App Service plan is running normally.,,3/21/2022 0:00,4/20/2022 15:20
0eb0b7a5-3936-4869-9e77-bdb34263e1db,eastus2,rg-it-network-prod-eus2-001,plan-it-func-prod-eus2-001,Available,The App Service plan is running normally.,,3/21/2022 0:00,4/20/2022 15:20
0eb0b7a5-3936-4869-9e77-bdb34263e1db,eastus2,rg-it-appsvcs-prod-eus2-001,apim-it-appsvcs-prod-eus2-006,Unknown,We are currently unable to determine the health of this API Management service.,,4/20/2022 15:20,4/20/2022 15:20
0eb0b7a5-3936-4869-9e77-bdb34263e1db,eastus2,rg-it-appsvcs-prod-eus2-001,stitappsvcsprodeus2001,Available,There aren't any known Azure platform problems affecting this storage account.,,4/13/2022 15:02,4/20/2022 15:20
0eb0b7a5-3936-4869-9e77-bdb34263e1db,eastus2,rg-it-appsvcs-prod-eus2-001,kv-it-apsv-prod-eus2-001,Available,There aren't any known Azure platform problems affecting this key vault.,,3/21/2022 0:00,4/20/2022 15:20
0eb0b7a5-3936-4869-9e77-bdb34263e1db,eastus2,rg-it-appsvcs-prod-eus2-001,func-it-eg-prod-eus2-001,Available,The Web app is running normally.,,3/21/2022 0:00,4/20/2022 15:20
0eb0b7a5-3936-4869-9e77-bdb34263e1db,eastus2,rg-it-appsvcs-prod-eus2-001,func-it-eg-prod-eus2-002,Available,The Web app is running normally.,,3/21/2022 0:00,4/20/2022 15:20
0eb0b7a5-3936-4869-9e77-bdb34263e1db,eastus2,rg-it-appsvcs-prod-eus2-001,func-it-eg-prod-eus2-004,Available,The Web app is running normally.,,3/21/2022 0:00,4/20/2022 15:20
0eb0b7a5-3936-4869-9e77-bdb34263e1db,eastus2,rg-it-appsvcs-prod-eus2-001,func-it-eg-prod-eus2-003,Available,The Web app is running normally.,,3/21/2022 0:00,4/20/2022 15:20
0eb0b7a5-3936-4869-9e77-bdb34263e1db,eastus2,rg-it-appsvcs-prod-eus2-001,evh-it-appsvcs-prod-eus2-001,Available,There are no known issues affecting this Event Hubs namespace.,,3/21/2022 0:00,4/20/2022 15:20
0eb0b7a5-3936-4869-9e77-bdb34263e1db,eastus2,rg-it-appsvcs-prod-eus2-001,evh-it-appsvcs-prod-eus2-003,Available,There are no known issues affecting this Event Hubs namespace.,,3/21/2022 0:00,4/20/2022 15:20
0eb0b7a5-3936-4869-9e77-bdb34263e1db,eastus2,rg-it-appsvcs-prod-eus2-001,evh-it-appsvcs-prod-eus2-002,Available,There are no known issues affecting this Event Hubs namespace.,,3/21/2022 0:00,4/20/2022 15:20
0eb0b7a5-3936-4869-9e77-bdb34263e1db,eastus2,rg-it-appsvcs-prod-eus2-001,sb-it-appsvcs-prod-eus2-001,Available,There are no known issues affecting this Service Bus namespace.,,3/21/2022 0:00,4/20/2022 15:20
0eb0b7a5-3936-4869-9e77-bdb34263e1db,eastus2,rg-it-dw-prod-eus2-001,kv-it-dw-prod-eus2-001,Available,There aren't any known Azure platform problems affecting this key vault.,,3/21/2022 0:00,4/20/2022 15:20
0eb0b7a5-3936-4869-9e77-bdb34263e1db,eastus2,rg-it-dw-prod-eus2-001,stitdwprodeus2001,Available,There aren't any known Azure platform problems affecting this storage account.,,3/21/2022 0:00,4/20/2022 15:20
0eb0b7a5-3936-4869-9e77-bdb34263e1db,eastus2,rg-it-dw-prod-eus2-001,func-it-sbread-prod-eus2-001,Available,The Web app is running normally.,,3/21/2022 0:00,4/20/2022 15:20
0eb0b7a5-3936-4869-9e77-bdb34263e1db,eastus2,rg-it-dw-prod-eus2-001,func-it-datareq-prod-eus2-001,Available,The Web app is running normally.,,3/21/2022 0:00,4/20/2022 15:20
0eb0b7a5-3936-4869-9e77-bdb34263e1db,eastus2,rg-it-contact-prod-eus2-001,sql-it-contact-prod-eus2-001-primary,Available,There aren't any known Azure platform problems affecting this SQL database or SQL data warehouse.,,3/31/2022 22:40,4/20/2022 15:20
0eb0b7a5-3936-4869-9e77-bdb34263e1db,centralus,rg-it-contact-prod-eus2-001,sql-it-contact-prod-cus-001-primary,Available,There aren't any known Azure platform problems affecting this SQL database or SQL data warehouse.,,3/26/2022 21:37,4/20/2022 15:20
0eb0b7a5-3936-4869-9e77-bdb34263e1db,eastus2,rg-it-contact-prod-eus2-001,stitcontactprodeus2001,Available,There aren't any known Azure platform problems affecting this storage account.,,3/21/2022 0:00,4/20/2022 15:20
0eb0b7a5-3936-4869-9e77-bdb34263e1db,eastus2,rg-it-contact-prod-eus2-001,stitcontactprodeus2002,Available,There aren't any known Azure platform problems affecting this storage account.,,3/21/2022 0:00,4/20/2022 15:20
0eb0b7a5-3936-4869-9e77-bdb34263e1db,eastus2,rg-it-contact-prod-eus2-001,stitcontactprodeus2003,Available,There aren't any known Azure platform problems affecting this storage account.,,3/21/2022 0:00,4/20/2022 15:20
0eb0b7a5-3936-4869-9e77-bdb34263e1db,eastus2,rg-it-contact-prod-eus2-001,sqlva2nrszkwfdc6ey,Available,There aren't any known Azure platform problems affecting this storage account.,,3/30/2022 13:55,4/20/2022 15:20
0eb0b7a5-3936-4869-9e77-bdb34263e1db,centralus,rg-it-contact-prod-eus2-001,sqlvaernoot6q3lonc,Available,There aren't any known Azure platform problems affecting this storage account.,,3/30/2022 13:57,4/20/2022 15:20
0eb0b7a5-3936-4869-9e77-bdb34263e1db,eastus2,rg-it-contact-prod-eus2-001,func-it-cntct-blty-prod-eus2-001,Available,The Web app is running normally.,,3/21/2022 0:00,4/20/2022 15:20
0eb0b7a5-3936-4869-9e77-bdb34263e1db,eastus2,rg-it-contact-prod-eus2-001,func-it-cntct-cnd-prod-eus2-001,Available,The Web app is running normally.,,3/21/2022 0:00,4/20/2022 15:20
0eb0b7a5-3936-4869-9e77-bdb34263e1db,eastus2,rg-it-contact-prod-eus2-001,func-it-count-prod-eus2-001,Available,The Web app is running normally.,,3/21/2022 0:00,4/20/2022 15:20
0eb0b7a5-3936-4869-9e77-bdb34263e1db,eastus2,rg-it-contact-prod-eus2-001,func-it-cntct-blty-prod-eus2-002,Available,The Web app is running normally.,,3/21/2022 0:00,4/20/2022 15:20
0eb0b7a5-3936-4869-9e77-bdb34263e1db,eastus2,rg-it-contact-prod-eus2-001,func-it-cntct-ch-prod-eus2-001,Available,The Web app is running normally.,,3/21/2022 0:00,4/20/2022 15:20
0eb0b7a5-3936-4869-9e77-bdb34263e1db,eastus2,rg-it-contact-prod-eus2-001,func-it-can-cntct-api-prod-eus2-001,Available,The Web app is running normally.,,3/21/2022 0:00,4/20/2022 15:20
0eb0b7a5-3936-4869-9e77-bdb34263e1db,eastus2,rg-it-contact-prod-eus2-001,func-it-cntct-eh-prod-eus2-003,Available,The Web app is running normally.,,3/21/2022 0:00,4/20/2022 15:20
0eb0b7a5-3936-4869-9e77-bdb34263e1db,eastus2,rg-it-contact-prod-eus2-001,func-it-cntct-ds-prod-eus2-002,Available,The Web app is running normally.,,3/21/2022 0:00,4/20/2022 15:20
0eb0b7a5-3936-4869-9e77-bdb34263e1db,eastus2,rg-it-contact-prod-eus2-001,func-it-cntct-eh-prod-eus2-001,Available,The Web app is running normally.,,3/21/2022 0:00,4/20/2022 15:20
0eb0b7a5-3936-4869-9e77-bdb34263e1db,eastus2,rg-it-contact-prod-eus2-001,func-it-cntct-ds-prod-eus2-001,Available,The Web app is running normally.,,3/21/2022 0:00,4/20/2022 15:20
0eb0b7a5-3936-4869-9e77-bdb34263e1db,eastus2,rg-it-contact-prod-eus2-001,func-it-cntct-eh-prod-eus2-002,Available,The Web app is running normally.,,3/21/2022 0:00,4/20/2022 15:20
0eb0b7a5-3936-4869-9e77-bdb34263e1db,eastus2,rg-it-contact-prod-eus2-001,func-it-dlqapi-prod-eus2-001,Available,The Web app is running normally.,,3/21/2022 0:00,4/20/2022 15:20
0eb0b7a5-3936-4869-9e77-bdb34263e1db,eastus2,rg-it-contact-prod-eus2-001,func-it-cntct-ch-prod-eus2-011,Available,The Web app is running normally.,,3/21/2022 0:00,4/20/2022 15:20
0eb0b7a5-3936-4869-9e77-bdb34263e1db,eastus2,rg-it-contact-prod-eus2-001,func-it-cntct-ch-prod-eus2-010,Available,The Web app is running normally.,,3/21/2022 0:00,4/20/2022 15:20
0eb0b7a5-3936-4869-9e77-bdb34263e1db,eastus2,rg-it-contact-prod-eus2-001,func-it-cntct-ch-prod-eus2-009,Available,The Web app is running normally.,,3/21/2022 0:00,4/20/2022 15:20
0eb0b7a5-3936-4869-9e77-bdb34263e1db,eastus2,rg-it-contact-prod-eus2-001,func-it-cntct-ch-prod-eus2-008,Available,The Web app is running normally.,,3/21/2022 0:00,4/20/2022 15:20
0eb0b7a5-3936-4869-9e77-bdb34263e1db,eastus2,rg-it-contact-prod-eus2-001,func-it-cntct-ch-prod-eus2-005,Available,The Web app is running normally.,,3/21/2022 0:00,4/20/2022 15:20
0eb0b7a5-3936-4869-9e77-bdb34263e1db,eastus2,rg-it-contact-prod-eus2-001,func-it-cntct-ch-prod-eus2-002,Available,The Web app is running normally.,,3/21/2022 0:00,4/20/2022 15:20
0eb0b7a5-3936-4869-9e77-bdb34263e1db,eastus2,rg-it-contact-prod-eus2-001,func-it-cntct-ch-prod-eus2-004,Available,The Web app is running normally.,,3/21/2022 0:00,4/20/2022 15:20
0eb0b7a5-3936-4869-9e77-bdb34263e1db,eastus2,rg-it-contact-prod-eus2-001,func-it-cntct-ch-prod-eus2-006,Available,The Web app is running normally.,,3/21/2022 0:00,4/20/2022 15:20
0eb0b7a5-3936-4869-9e77-bdb34263e1db,eastus2,rg-it-contact-prod-eus2-001,func-it-cntct-ch-prod-eus2-013,Available,The Web app is running normally.,,3/21/2022 0:00,4/20/2022 15:20
0eb0b7a5-3936-4869-9e77-bdb34263e1db,eastus2,rg-it-contact-prod-eus2-001,func-it-cntct-ch-prod-eus2-007,Available,The Web app is running normally.,,3/21/2022 0:00,4/20/2022 15:20
0eb0b7a5-3936-4869-9e77-bdb34263e1db,eastus2,rg-it-contact-prod-eus2-001,func-it-cntct-ch-prod-eus2-003,Available,The Web app is running normally.,,3/21/2022 0:00,4/20/2022 15:20
0eb0b7a5-3936-4869-9e77-bdb34263e1db,eastus2,rg-it-contact-prod-eus2-001,func-it-cntct-ch-prod-eus2-012,Available,The Web app is running normally.,,3/21/2022 0:00,4/20/2022 15:20
0eb0b7a5-3936-4869-9e77-bdb34263e1db,eastus2,rg-it-contact-prod-eus2-001,kv-it-cntc-prod-eus2-002,Available,There aren't any known Azure platform problems affecting this key vault.,,3/21/2022 0:00,4/20/2022 15:20
0eb0b7a5-3936-4869-9e77-bdb34263e1db,eastus2,rg-it-contact-prod-eus2-001,sb-it-contact-prod-eus2-001,Available,There are no known issues affecting this Service Bus namespace.,,3/21/2022 0:00,4/20/2022 15:20
0eb0b7a5-3936-4869-9e77-bdb34263e1db,eastus2,rg-it-payments-prod-eus2-001,stitpaymentsprodeus2001,Available,There aren't any known Azure platform problems affecting this storage account.,,3/21/2022 0:00,4/20/2022 15:20
0eb0b7a5-3936-4869-9e77-bdb34263e1db,eastus2,rg-it-payments-prod-eus2-001,sqlvajs3kevkzakeh2,Available,There aren't any known Azure platform problems affecting this storage account.,,3/30/2022 13:55,4/20/2022 15:20
0eb0b7a5-3936-4869-9e77-bdb34263e1db,eastus2,rg-it-payments-prod-eus2-001,sql-it-payments-prod-eus2-001-primary,Available,There aren't any known Azure platform problems affecting this SQL database or SQL data warehouse.,,3/26/2022 21:36,4/20/2022 15:20
0eb0b7a5-3936-4869-9e77-bdb34263e1db,eastus2,rg-it-payments-prod-eus2-001,kv-it-pmt-prod-eus2-001,Available,There aren't any known Azure platform problems affecting this key vault.,,3/21/2022 0:00,4/20/2022 15:20
0eb0b7a5-3936-4869-9e77-bdb34263e1db,eastus2,rg-it-payments-prod-eus2-001,func-it-payments-prod-eus2-001,Available,The Web app is running normally.,,3/21/2022 0:00,4/20/2022 15:20
f047a2c9-c71a-44b4-b44e-98ab479d9027,eastus2,rg-it-network-tst-eus2-001,plan-it-func-tst-eus2-001,Available,The App Service plan is running normally.,,3/21/2022 0:00,4/20/2022 15:20
f047a2c9-c71a-44b4-b44e-98ab479d9027,eastus2,rg-it-network-tst-eus2-001,plan-it-py-tst-eus2-001,Available,The App Service plan is running normally.,,3/21/2022 0:00,4/20/2022 15:20
f047a2c9-c71a-44b4-b44e-98ab479d9027,eastus2,rg-it-network-trn-eus2-001,plan-it-func-trn-eus2-001,Available,The App Service plan is running normally.,,3/21/2022 0:00,4/20/2022 15:20
f047a2c9-c71a-44b4-b44e-98ab479d9027,eastus2,rg-it-network-trn-eus2-001,plan-it-py-trn-eus2-001,Available,The App Service plan is running normally.,,3/21/2022 0:00,4/20/2022 15:20
f047a2c9-c71a-44b4-b44e-98ab479d9027,eastus2,rg-it-network-uat-eus2-001,plan-it-func-uat-eus2-001,Available,The App Service plan is running normally.,,3/21/2022 0:00,4/20/2022 15:21
f047a2c9-c71a-44b4-b44e-98ab479d9027,eastus2,rg-it-network-uat-eus2-001,plan-it-py-uat-eus2-001,Available,The App Service plan is running normally.,,3/21/2022 0:00,4/20/2022 15:21
f047a2c9-c71a-44b4-b44e-98ab479d9027,eastus2,rg-it-network-int-eus2-001,plan-it-func-int-eus2-001,Available,The App Service plan is running normally.,,3/21/2022 0:00,4/20/2022 15:21
f047a2c9-c71a-44b4-b44e-98ab479d9027,eastus2,rg-it-network-int-eus2-001,plan-it-py-int-eus2-001,Available,The App Service plan is running normally.,,3/21/2022 0:00,4/20/2022 15:21
f047a2c9-c71a-44b4-b44e-98ab479d9027,eastus2,rg-it-network-dev-eus2-001,plan-it-func-dev-eus2-001,Available,The App Service plan is running normally.,,3/21/2022 0:00,4/20/2022 15:21
f047a2c9-c71a-44b4-b44e-98ab479d9027,eastus2,rg-it-network-dev-eus2-001,plan-it-py-dev-eus2-001,Available,The App Service plan is running normally.,,3/21/2022 0:00,4/20/2022 15:21
f047a2c9-c71a-44b4-b44e-98ab479d9027,eastus2,defaultresourcegroup-eus2,defaultworkspace-f047a2c9-c71a-44b4-b44e-98ab479d9027-eus2,Available,There aren't any known Azure platform problems affecting this workspace.,,3/29/2022 20:17,4/20/2022 15:21
f047a2c9-c71a-44b4-b44e-98ab479d9027,eastus2,rg-it-appsvcs-dev-eus2-001,kv-it-apsvc-dev-eus2-001,Available,There aren't any known Azure platform problems affecting this key vault.,,3/21/2022 0:00,4/20/2022 15:21
f047a2c9-c71a-44b4-b44e-98ab479d9027,eastus2,rg-it-appsvcs-dev-eus2-001,sb-it-appsvcs-dev-eus2-001,Available,There are no known issues affecting this Service Bus namespace.,,3/21/2022 0:00,4/20/2022 15:21
f047a2c9-c71a-44b4-b44e-98ab479d9027,eastus2,rg-it-appsvcs-dev-eus2-001,stitappsvcsdeveus2001,Available,There aren't any known Azure platform problems affecting this storage account.,,4/19/2022 10:34,4/20/2022 15:21
f047a2c9-c71a-44b4-b44e-98ab479d9027,eastus2,rg-it-appsvcs-dev-eus2-001,evh-it-appsvcs-dev-eus2-001,Available,There are no known issues affecting this Event Hubs namespace.,,3/21/2022 0:00,4/20/2022 15:21
f047a2c9-c71a-44b4-b44e-98ab479d9027,eastus2,rg-it-appsvcs-dev-eus2-001,evh-it-appsvcs-dev-eus2-003,Available,There are no known issues affecting this Event Hubs namespace.,,3/21/2022 0:00,4/20/2022 15:21
f047a2c9-c71a-44b4-b44e-98ab479d9027,eastus2,rg-it-appsvcs-dev-eus2-001,evh-it-appsvcs-dev-eus2-002,Available,There are no known issues affecting this Event Hubs namespace.,,3/21/2022 0:00,4/20/2022 15:21
f047a2c9-c71a-44b4-b44e-98ab479d9027,eastus2,rg-it-appsvcs-dev-eus2-001,func-it-eg-dev-eus2-001,Available,The Web app is running normally.,,3/21/2022 0:00,4/20/2022 15:21
f047a2c9-c71a-44b4-b44e-98ab479d9027,eastus2,rg-it-appsvcs-dev-eus2-001,func-it-eg-dev-eus2-002,Available,The Web app is running normally.,,3/21/2022 0:00,4/20/2022 15:21
f047a2c9-c71a-44b4-b44e-98ab479d9027,eastus2,rg-it-appsvcs-dev-eus2-001,func-it-eg-dev-eus2-003,Available,The Web app is running normally.,,3/21/2022 0:00,4/20/2022 15:21
f047a2c9-c71a-44b4-b44e-98ab479d9027,eastus2,rg-it-appsvcs-dev-eus2-001,func-it-eg-dev-eus2-004,Available,The Web app is running normally.,,3/21/2022 0:00,4/20/2022 15:21
f047a2c9-c71a-44b4-b44e-98ab479d9027,eastus2,rg-it-appsvcs-dev-eus2-001,func-it-apsvc-cg-dev-eus2-001,Available,The Web app is running normally.,,4/1/2022 14:20,4/20/2022 15:21
f047a2c9-c71a-44b4-b44e-98ab479d9027,eastus2,rg-it-appsvcs-dev-eus2-001,func-it-apsvc-eh-dev-eus2-001,Available,The Web app is running normally.,,4/4/2022 20:26,4/20/2022 15:21
f047a2c9-c71a-44b4-b44e-98ab479d9027,eastus2,rg-it-appsvcs-dev-eus2-001,func-it-apsvc-eh-dev-eus2-002,Available,The Web app is running normally.,,4/4/2022 20:26,4/20/2022 15:21
f047a2c9-c71a-44b4-b44e-98ab479d9027,eastus2,rg-it-appsvcs-dev-eus2-001,apim-it-appsvcs-dev-eus2-006,Unknown,We are currently unable to determine the health of this API Management service.,,4/20/2022 15:21,4/20/2022 15:21
f047a2c9-c71a-44b4-b44e-98ab479d9027,eastus2,rg-it-appsvcs-dev-eus2-001,testqueryeventhub,Available,There aren't any known Azure platform problems affecting this job.,,3/21/2022 0:00,4/20/2022 15:21
f047a2c9-c71a-44b4-b44e-98ab479d9027,eastus2,rg-it-appsvcs-tst-eus2-001,stitappsvcststeus2001,Available,There aren't any known Azure platform problems affecting this storage account.,,3/21/2022 0:00,4/20/2022 15:21
f047a2c9-c71a-44b4-b44e-98ab479d9027,eastus2,rg-it-appsvcs-tst-eus2-001,kv-it-apsvc-tst-eus2-001,Available,There aren't any known Azure platform problems affecting this key vault.,,3/21/2022 0:00,4/20/2022 15:21
f047a2c9-c71a-44b4-b44e-98ab479d9027,eastus2,rg-it-appsvcs-tst-eus2-001,sb-it-appsvcs-tst-eus2-001,Available,There are no known issues affecting this Service Bus namespace.,,3/21/2022 0:00,4/20/2022 15:21
f047a2c9-c71a-44b4-b44e-98ab479d9027,eastus2,rg-it-appsvcs-tst-eus2-001,evh-it-appsvcs-tst-eus2-002,Available,There are no known issues affecting this Event Hubs namespace.,,3/21/2022 0:00,4/20/2022 15:21
f047a2c9-c71a-44b4-b44e-98ab479d9027,eastus2,rg-it-appsvcs-tst-eus2-001,evh-it-appsvcs-tst-eus2-001,Available,There are no known issues affecting this Event Hubs namespace.,,3/21/2022 0:00,4/20/2022 15:21
f047a2c9-c71a-44b4-b44e-98ab479d9027,eastus2,rg-it-appsvcs-tst-eus2-001,evh-it-appsvcs-tst-eus2-003,Available,There are no known issues affecting this Event Hubs namespace.,,3/21/2022 0:00,4/20/2022 15:21
f047a2c9-c71a-44b4-b44e-98ab479d9027,eastus2,rg-it-appsvcs-tst-eus2-001,func-it-eg-tst-eus2-001,Available,The Web app is running normally.,,3/21/2022 0:00,4/20/2022 15:21
f047a2c9-c71a-44b4-b44e-98ab479d9027,eastus2,rg-it-appsvcs-tst-eus2-001,func-it-eg-tst-eus2-002,Available,The Web app is running normally.,,3/21/2022 0:00,4/20/2022 15:21
f047a2c9-c71a-44b4-b44e-98ab479d9027,eastus2,rg-it-appsvcs-tst-eus2-001,func-it-eg-tst-eus2-003,Available,The Web app is running normally.,,3/21/2022 0:00,4/20/2022 15:21
f047a2c9-c71a-44b4-b44e-98ab479d9027,eastus2,rg-it-appsvcs-tst-eus2-001,func-it-eg-tst-eus2-004,Available,The Web app is running normally.,,3/21/2022 0:00,4/20/2022 15:21
f047a2c9-c71a-44b4-b44e-98ab479d9027,eastus2,rg-it-appsvcs-tst-eus2-001,apim-it-appsvcs-tst-eus2-001,Unknown,We are currently unable to determine the health of this API Management service.,,4/20/2022 15:21,4/20/2022 15:21
f047a2c9-c71a-44b4-b44e-98ab479d9027,eastus2,rg-it-contact-tst-eus2-001,sb-it-contact-tst-eus2-001,Available,There are no known issues affecting this Service Bus namespace.,,3/21/2022 0:00,4/20/2022 15:21
f047a2c9-c71a-44b4-b44e-98ab479d9027,eastus2,rg-it-contact-tst-eus2-001,stitcontacttsteus2001,Available,There aren't any known Azure platform problems affecting this storage account.,,3/21/2022 0:00,4/20/2022 15:21
f047a2c9-c71a-44b4-b44e-98ab479d9027,eastus2,rg-it-contact-tst-eus2-001,stitcontacttsteus2002,Available,There aren't any known Azure platform problems affecting this storage account.,,3/21/2022 0:00,4/20/2022 15:21
f047a2c9-c71a-44b4-b44e-98ab479d9027,eastus2,rg-it-contact-tst-eus2-001,sqlvaaepw55u6hqndw,Available,There aren't any known Azure platform problems affecting this storage account.,,3/30/2022 14:04,4/20/2022 15:21
f047a2c9-c71a-44b4-b44e-98ab479d9027,eastus2,rg-it-contact-tst-eus2-001,sql-it-contact-tst-eus2-001-primary,Available,There aren't any known Azure platform problems affecting this SQL database or SQL data warehouse.,,3/26/2022 21:36,4/20/2022 15:21
f047a2c9-c71a-44b4-b44e-98ab479d9027,eastus2,rg-it-contact-tst-eus2-001,kv-it-cntct-tst-eus2-001,Available,There aren't any known Azure platform problems affecting this key vault.,,3/21/2022 0:00,4/20/2022 15:21
f047a2c9-c71a-44b4-b44e-98ab479d9027,eastus2,rg-it-contact-tst-eus2-001,func-it-cntct-ds-tst-eus2-001,Available,The Web app is running normally.,,4/19/2022 7:21,4/20/2022 15:21
f047a2c9-c71a-44b4-b44e-98ab479d9027,eastus2,rg-it-contact-tst-eus2-001,func-it-cntct-blty-tst-eus2-002,Available,The Web app is running normally.,,4/19/2022 17:15,4/20/2022 15:21
f047a2c9-c71a-44b4-b44e-98ab479d9027,eastus2,rg-it-contact-tst-eus2-001,func-it-cntct-eh-tst-eus2-003,Available,The Web app is running normally.,,4/7/2022 14:36,4/20/2022 15:21
f047a2c9-c71a-44b4-b44e-98ab479d9027,eastus2,rg-it-contact-tst-eus2-001,func-it-cntct-ch-tst-eus2-012,Available,The Web app is running normally.,,4/19/2022 7:20,4/20/2022 15:21
f047a2c9-c71a-44b4-b44e-98ab479d9027,eastus2,rg-it-contact-tst-eus2-001,func-it-cntct-ch-tst-eus2-008,Available,The Web app is running normally.,,4/19/2022 17:15,4/20/2022 15:21
f047a2c9-c71a-44b4-b44e-98ab479d9027,eastus2,rg-it-contact-tst-eus2-001,func-it-count-tst-eus2-001,Available,The Web app is running normally.,,4/19/2022 17:15,4/20/2022 15:21
f047a2c9-c71a-44b4-b44e-98ab479d9027,eastus2,rg-it-contact-tst-eus2-001,func-it-can-cntct-api-tst-eus2-001,Available,The Web app is running normally.,,4/7/2022 14:41,4/20/2022 15:21
f047a2c9-c71a-44b4-b44e-98ab479d9027,eastus2,rg-it-contact-tst-eus2-001,func-it-cntct-blty-tst-eus2-001,Available,The Web app is running normally.,,4/19/2022 17:15,4/20/2022 15:21
f047a2c9-c71a-44b4-b44e-98ab479d9027,eastus2,rg-it-contact-tst-eus2-001,func-it-cntct-eh-tst-eus2-002,Available,The Web app is running normally.,,4/7/2022 14:41,4/20/2022 15:21
f047a2c9-c71a-44b4-b44e-98ab479d9027,eastus2,rg-it-contact-tst-eus2-001,func-it-cntct-eh-tst-eus2-001,Available,The Web app is running normally.,,4/7/2022 14:36,4/20/2022 15:21
f047a2c9-c71a-44b4-b44e-98ab479d9027,eastus2,rg-it-contact-tst-eus2-001,func-it-cntct-ch-tst-eus2-010,Available,The Web app is running normally.,,4/19/2022 17:15,4/20/2022 15:21
f047a2c9-c71a-44b4-b44e-98ab479d9027,eastus2,rg-it-contact-tst-eus2-001,func-it-cntct-ch-tst-eus2-011,Available,The Web app is running normally.,,4/19/2022 7:21,4/20/2022 15:21
f047a2c9-c71a-44b4-b44e-98ab479d9027,eastus2,rg-it-contact-tst-eus2-001,func-it-cntct-ch-tst-eus2-003,Available,The Web app is running normally.,,4/19/2022 7:28,4/20/2022 15:21
f047a2c9-c71a-44b4-b44e-98ab479d9027,eastus2,rg-it-contact-tst-eus2-001,func-it-cntct-ch-tst-eus2-001,Available,The Web app is running normally.,,4/7/2022 14:36,4/20/2022 15:21
f047a2c9-c71a-44b4-b44e-98ab479d9027,eastus2,rg-it-contact-tst-eus2-001,func-it-cntct-ds-tst-eus2-002,Available,The Web app is running normally.,,4/7/2022 14:36,4/20/2022 15:21
f047a2c9-c71a-44b4-b44e-98ab479d9027,eastus2,rg-it-contact-tst-eus2-001,func-it-cntct-ch-tst-eus2-004,Available,The Web app is running normally.,,4/7/2022 14:36,4/20/2022 15:21
f047a2c9-c71a-44b4-b44e-98ab479d9027,eastus2,rg-it-contact-tst-eus2-001,func-it-cntct-ch-tst-eus2-013,Available,The Web app is running normally.,,4/19/2022 17:15,4/20/2022 15:21
f047a2c9-c71a-44b4-b44e-98ab479d9027,eastus2,rg-it-contact-tst-eus2-001,func-it-cntct-ch-tst-eus2-002,Available,The Web app is running normally.,,4/7/2022 14:36,4/20/2022 15:21
f047a2c9-c71a-44b4-b44e-98ab479d9027,eastus2,rg-it-contact-tst-eus2-001,func-it-cntct-ch-tst-eus2-006,Available,The Web app is running normally.,,4/19/2022 11:01,4/20/2022 15:21
f047a2c9-c71a-44b4-b44e-98ab479d9027,eastus2,rg-it-contact-tst-eus2-001,func-it-cntct-ch-tst-eus2-005,Available,The Web app is running normally.,,4/19/2022 7:20,4/20/2022 15:21
f047a2c9-c71a-44b4-b44e-98ab479d9027,eastus2,rg-it-contact-tst-eus2-001,func-it-dlqapi-tst-eus2-001,Available,The Web app is running normally.,,3/21/2022 0:00,4/20/2022 15:21
f047a2c9-c71a-44b4-b44e-98ab479d9027,eastus2,rg-it-contact-tst-eus2-001,func-it-cntct-cnd-tst-eus2-001,Available,The Web app is running normally.,,3/21/2022 0:00,4/20/2022 15:21
f047a2c9-c71a-44b4-b44e-98ab479d9027,eastus2,rg-it-contact-tst-eus2-001,func-it-cntct-ch-tst-eus2-009,Available,The Web app is running normally.,,3/21/2022 0:00,4/20/2022 15:21
f047a2c9-c71a-44b4-b44e-98ab479d9027,eastus2,rg-it-contact-tst-eus2-001,func-it-cntct-ch-tst-eus2-007,Available,The Web app is running normally.,,3/21/2022 0:00,4/20/2022 15:21
f047a2c9-c71a-44b4-b44e-98ab479d9027,eastus2,rg-it-contact-dev-eus2-001,stitcontactdeveus2002,Available,There aren't any known Azure platform problems affecting this storage account.,,3/21/2022 0:00,4/20/2022 15:21
f047a2c9-c71a-44b4-b44e-98ab479d9027,eastus2,rg-it-contact-dev-eus2-001,stitcontactdeveus2001,Available,There aren't any known Azure platform problems affecting this storage account.,,4/17/2022 10:24,4/20/2022 15:21
f047a2c9-c71a-44b4-b44e-98ab479d9027,eastus2,rg-it-contact-dev-eus2-001,sqlvaplybst22ihiv4,Available,There aren't any known Azure platform problems affecting this storage account.,,3/30/2022 14:04,4/20/2022 15:21
f047a2c9-c71a-44b4-b44e-98ab479d9027,eastus2,rg-it-contact-dev-eus2-001,func-it-cntct-eh-dev-eus2-001,Available,The Web app is running normally.,,3/21/2022 0:00,4/20/2022 15:21
f047a2c9-c71a-44b4-b44e-98ab479d9027,eastus2,rg-it-contact-dev-eus2-001,func-it-cntct-eh-dev-eus2-003,Available,The Web app is running normally.,,3/21/2022 0:00,4/20/2022 15:21
f047a2c9-c71a-44b4-b44e-98ab479d9027,eastus2,rg-it-contact-dev-eus2-001,func-it-cntct-ch-dev-eus2-006,Available,The Web app is running normally.,,3/21/2022 0:00,4/20/2022 15:21
f047a2c9-c71a-44b4-b44e-98ab479d9027,eastus2,rg-it-contact-dev-eus2-001,func-it-cntct-ds-dev-eus2-001,Available,The Web app is running normally.,,3/21/2022 0:00,4/20/2022 15:21
f047a2c9-c71a-44b4-b44e-98ab479d9027,eastus2,rg-it-contact-dev-eus2-001,func-it-cntct-ch-dev-eus2-005,Available,The Web app is running normally.,,3/21/2022 0:00,4/20/2022 15:21
f047a2c9-c71a-44b4-b44e-98ab479d9027,eastus2,rg-it-contact-dev-eus2-001,func-it-cntct-ch-dev-eus2-001,Available,The Web app is running normally.,,3/21/2022 0:00,4/20/2022 15:21
f047a2c9-c71a-44b4-b44e-98ab479d9027,eastus2,rg-it-contact-dev-eus2-001,func-it-cntct-blty-dev-eus2-001,Available,The Web app is running normally.,,3/21/2022 0:00,4/20/2022 15:21
f047a2c9-c71a-44b4-b44e-98ab479d9027,eastus2,rg-it-contact-dev-eus2-001,func-it-cntct-ch-dev-eus2-010,Available,The Web app is running normally.,,3/21/2022 0:00,4/20/2022 15:21
f047a2c9-c71a-44b4-b44e-98ab479d9027,eastus2,rg-it-contact-dev-eus2-001,func-it-cntct-ch-dev-eus2-013,Available,The Web app is running normally.,,3/21/2022 0:00,4/20/2022 15:21
f047a2c9-c71a-44b4-b44e-98ab479d9027,eastus2,rg-it-contact-dev-eus2-001,func-it-count-dev-eus2-001,Available,The Web app is running normally.,,3/21/2022 0:00,4/20/2022 15:21
f047a2c9-c71a-44b4-b44e-98ab479d9027,eastus2,rg-it-contact-dev-eus2-001,func-it-cntct-blty-dev-eus2-002,Available,The Web app is running normally.,,3/21/2022 0:00,4/20/2022 15:21
f047a2c9-c71a-44b4-b44e-98ab479d9027,eastus2,rg-it-contact-dev-eus2-001,func-it-dlqapi-dev-eus2-001,Available,The Web app is running normally.,,3/21/2022 0:00,4/20/2022 15:21
f047a2c9-c71a-44b4-b44e-98ab479d9027,eastus2,rg-it-contact-dev-eus2-001,func-it-cntct-cnd-dev-eus2-001,Available,The Web app is running normally.,,3/21/2022 0:00,4/20/2022 15:21
f047a2c9-c71a-44b4-b44e-98ab479d9027,eastus2,rg-it-contact-dev-eus2-001,func-it-cntct-ch-dev-eus2-003,Available,The Web app is running normally.,,3/21/2022 0:00,4/20/2022 15:21
f047a2c9-c71a-44b4-b44e-98ab479d9027,eastus2,rg-it-contact-dev-eus2-001,func-it-can-cntct-api-dev-eus2-001,Available,The Web app is running normally.,,3/21/2022 0:00,4/20/2022 15:21
f047a2c9-c71a-44b4-b44e-98ab479d9027,eastus2,rg-it-contact-dev-eus2-001,func-it-cntct-ch-dev-eus2-008,Available,The Web app is running normally.,,3/21/2022 0:00,4/20/2022 15:21
f047a2c9-c71a-44b4-b44e-98ab479d9027,eastus2,rg-it-contact-dev-eus2-001,func-it-cntct-ch-dev-eus2-004,Available,The Web app is running normally.,,3/21/2022 0:00,4/20/2022 15:21
f047a2c9-c71a-44b4-b44e-98ab479d9027,eastus2,rg-it-contact-dev-eus2-001,func-it-cntct-ch-dev-eus2-002,Available,The Web app is running normally.,,3/21/2022 0:00,4/20/2022 15:21
f047a2c9-c71a-44b4-b44e-98ab479d9027,eastus2,rg-it-contact-dev-eus2-001,func-it-cntct-ch-dev-eus2-012,Available,The Web app is running normally.,,3/21/2022 0:00,4/20/2022 15:21
f047a2c9-c71a-44b4-b44e-98ab479d9027,eastus2,rg-it-contact-dev-eus2-001,func-it-cntct-ds-dev-eus2-002,Available,The Web app is running normally.,,3/21/2022 0:00,4/20/2022 15:21
f047a2c9-c71a-44b4-b44e-98ab479d9027,eastus2,rg-it-contact-dev-eus2-001,func-it-cntct-ch-dev-eus2-009,Available,The Web app is running normally.,,3/21/2022 0:00,4/20/2022 15:21
f047a2c9-c71a-44b4-b44e-98ab479d9027,eastus2,rg-it-contact-dev-eus2-001,func-it-cntct-eh-dev-eus2-002,Available,The Web app is running normally.,,3/21/2022 0:00,4/20/2022 15:21
f047a2c9-c71a-44b4-b44e-98ab479d9027,eastus2,rg-it-contact-dev-eus2-001,func-it-cntct-ch-dev-eus2-007,Available,The Web app is running normally.,,3/21/2022 0:00,4/20/2022 15:21
f047a2c9-c71a-44b4-b44e-98ab479d9027,eastus2,rg-it-contact-dev-eus2-001,func-it-cntct-ch-dev-eus2-011,Available,The Web app is running normally.,,3/21/2022 0:00,4/20/2022 15:21
f047a2c9-c71a-44b4-b44e-98ab479d9027,eastus2,rg-it-contact-dev-eus2-001,func-it-cntct-ch-dev-eus2-015,Available,The Web app is running normally.,,4/5/2022 15:40,4/20/2022 15:21
f047a2c9-c71a-44b4-b44e-98ab479d9027,eastus2,rg-it-contact-dev-eus2-001,func-it-cntct-ch-dev-eus2-014,Available,The Web app is running normally.,,4/5/2022 15:50,4/20/2022 15:21
f047a2c9-c71a-44b4-b44e-98ab479d9027,eastus2,rg-it-contact-dev-eus2-001,func-it-cntct-ch-dev-eus2-016,Available,The Web app is running normally.,,4/5/2022 15:50,4/20/2022 15:21
f047a2c9-c71a-44b4-b44e-98ab479d9027,eastus2,rg-it-contact-dev-eus2-001,sb-it-contact-dev-eus2-001,Available,There are no known issues affecting this Service Bus namespace.,,3/21/2022 0:00,4/20/2022 15:21
f047a2c9-c71a-44b4-b44e-98ab479d9027,eastus2,rg-it-contact-dev-eus2-001,kv-it-cntct-dev-eus2-002,Available,There aren't any known Azure platform problems affecting this key vault.,,3/21/2022 0:00,4/20/2022 15:21
f047a2c9-c71a-44b4-b44e-98ab479d9027,eastus2,rg-it-contact-dev-eus2-001,sql-it-contact-dev-eus2-001-primary,Available,There aren't any known Azure platform problems affecting this SQL database or SQL data warehouse.,,3/26/2022 21:36,4/20/2022 15:21
f047a2c9-c71a-44b4-b44e-98ab479d9027,eastus2,rg-it-dw-tst-eus2-001,kv-it-dw-tst-eus2-001,Available,There aren't any known Azure platform problems affecting this key vault.,,3/21/2022 0:00,4/20/2022 15:21
f047a2c9-c71a-44b4-b44e-98ab479d9027,eastus2,rg-it-dw-tst-eus2-001,stitdwtsteus2001,Available,There aren't any known Azure platform problems affecting this storage account.,,3/21/2022 0:00,4/20/2022 15:21
f047a2c9-c71a-44b4-b44e-98ab479d9027,eastus2,rg-it-dw-tst-eus2-001,func-it-sbread-tst-eus2-001,Available,The Web app is running normally.,,3/21/2022 0:00,4/20/2022 15:21
f047a2c9-c71a-44b4-b44e-98ab479d9027,eastus2,rg-it-dw-tst-eus2-001,func-it-datareq-tst-eus2-001,Available,The Web app is running normally.,,3/21/2022 0:00,4/20/2022 15:21
f047a2c9-c71a-44b4-b44e-98ab479d9027,eastus2,rg-it-dw-uat-eus2-001,kv-it-dw-uat-eus2-001,Available,There aren't any known Azure platform problems affecting this key vault.,,3/21/2022 0:00,4/20/2022 15:21
f047a2c9-c71a-44b4-b44e-98ab479d9027,eastus2,rg-it-dw-uat-eus2-001,stitdwuateus2001,Available,There aren't any known Azure platform problems affecting this storage account.,,3/21/2022 0:00,4/20/2022 15:21
f047a2c9-c71a-44b4-b44e-98ab479d9027,eastus2,rg-it-dw-uat-eus2-001,func-it-datareq-uat-eus2-001,Available,The Web app is running normally.,,3/21/2022 0:00,4/20/2022 15:21
f047a2c9-c71a-44b4-b44e-98ab479d9027,eastus2,rg-it-dw-uat-eus2-001,func-it-sbread-uat-eus2-001,Available,The Web app is running normally.,,3/21/2022 0:00,4/20/2022 15:21
f047a2c9-c71a-44b4-b44e-98ab479d9027,eastus2,rg-it-dw-dev-eus2-001,kv-it-dw-dev-eus2-001,Available,There aren't any known Azure platform problems affecting this key vault.,,3/21/2022 0:00,4/20/2022 15:21
f047a2c9-c71a-44b4-b44e-98ab479d9027,eastus2,rg-it-dw-dev-eus2-001,func-it-datareq-dev-eus2-001,Available,The Web app is running normally.,,3/21/2022 0:00,4/20/2022 15:21
f047a2c9-c71a-44b4-b44e-98ab479d9027,eastus2,rg-it-dw-dev-eus2-001,func-it-sbread-dev-eus2-001,Available,The Web app is running normally.,,3/21/2022 0:00,4/20/2022 15:21
f047a2c9-c71a-44b4-b44e-98ab479d9027,eastus2,rg-it-dw-dev-eus2-001,stitdwdeveus2001,Available,There aren't any known Azure platform problems affecting this storage account.,,3/21/2022 0:00,4/20/2022 15:21
f047a2c9-c71a-44b4-b44e-98ab479d9027,eastus2,rg-it-contact-uat-eus2-001,stitcontactuateus2002,Available,There aren't any known Azure platform problems affecting this storage account.,,4/13/2022 21:36,4/20/2022 15:21
f047a2c9-c71a-44b4-b44e-98ab479d9027,eastus2,rg-it-contact-uat-eus2-001,stitcontactuateus2001,Available,There aren't any known Azure platform problems affecting this storage account.,,4/13/2022 2:37,4/20/2022 15:21
f047a2c9-c71a-44b4-b44e-98ab479d9027,eastus2,rg-it-contact-uat-eus2-001,sqlvate42hdy2j3dyc,Available,There aren't any known Azure platform problems affecting this storage account.,,3/30/2022 14:04,4/20/2022 15:21
f047a2c9-c71a-44b4-b44e-98ab479d9027,eastus2,rg-it-contact-uat-eus2-001,sql-it-contact-uat-eus2-001-primary,Available,There aren't any known Azure platform problems affecting this SQL database or SQL data warehouse.,,3/26/2022 21:37,4/20/2022 15:21
f047a2c9-c71a-44b4-b44e-98ab479d9027,eastus2,rg-it-contact-uat-eus2-001,sb-it-contact-uat-eus2-001,Available,There are no known issues affecting this Service Bus namespace.,,3/21/2022 0:00,4/20/2022 15:21
f047a2c9-c71a-44b4-b44e-98ab479d9027,eastus2,rg-it-contact-uat-eus2-001,kv-it-cntct-uat-eus2-002,Available,There aren't any known Azure platform problems affecting this key vault.,,3/21/2022 0:00,4/20/2022 15:21
f047a2c9-c71a-44b4-b44e-98ab479d9027,eastus2,rg-it-contact-uat-eus2-001,func-it-cntct-blty-uat-eus2-001,Available,The Web app is running normally.,,3/21/2022 0:00,4/20/2022 15:21
f047a2c9-c71a-44b4-b44e-98ab479d9027,eastus2,rg-it-contact-uat-eus2-001,func-it-cntct-cnd-uat-eus2-001,Available,The Web app is running normally.,,3/21/2022 0:00,4/20/2022 15:21
f047a2c9-c71a-44b4-b44e-98ab479d9027,eastus2,rg-it-contact-uat-eus2-001,func-it-count-uat-eus2-001,Available,The Web app is running normally.,,3/21/2022 0:00,4/20/2022 15:21
f047a2c9-c71a-44b4-b44e-98ab479d9027,eastus2,rg-it-contact-uat-eus2-001,func-it-cntct-blty-uat-eus2-002,Available,The Web app is running normally.,,3/21/2022 0:00,4/20/2022 15:21
f047a2c9-c71a-44b4-b44e-98ab479d9027,eastus2,rg-it-contact-uat-eus2-001,func-it-cntct-ch-uat-eus2-001,Available,The Web app is running normally.,,3/21/2022 0:00,4/20/2022 15:21
f047a2c9-c71a-44b4-b44e-98ab479d9027,eastus2,rg-it-contact-uat-eus2-001,func-it-cntct-ch-uat-eus2-011,Available,The Web app is running normally.,,3/21/2022 0:00,4/20/2022 15:21
f047a2c9-c71a-44b4-b44e-98ab479d9027,eastus2,rg-it-contact-uat-eus2-001,func-it-cntct-eh-uat-eus2-001,Available,The Web app is running normally.,,3/21/2022 0:00,4/20/2022 15:21
f047a2c9-c71a-44b4-b44e-98ab479d9027,eastus2,rg-it-contact-uat-eus2-001,func-it-cntct-ch-uat-eus2-007,Available,The Web app is running normally.,,3/21/2022 0:00,4/20/2022 15:21
f047a2c9-c71a-44b4-b44e-98ab479d9027,eastus2,rg-it-contact-uat-eus2-001,func-it-cntct-eh-uat-eus2-003,Available,The Web app is running normally.,,3/21/2022 0:00,4/20/2022 15:21
f047a2c9-c71a-44b4-b44e-98ab479d9027,eastus2,rg-it-contact-uat-eus2-001,func-it-cntct-ch-uat-eus2-006,Available,The Web app is running normally.,,3/21/2022 0:00,4/20/2022 15:21
f047a2c9-c71a-44b4-b44e-98ab479d9027,eastus2,rg-it-contact-uat-eus2-001,func-it-cntct-ds-uat-eus2-001,Available,The Web app is running normally.,,3/21/2022 0:00,4/20/2022 15:21
f047a2c9-c71a-44b4-b44e-98ab479d9027,eastus2,rg-it-contact-uat-eus2-001,func-it-dlqapi-uat-eus2-001,Available,The Web app is running normally.,,3/21/2022 0:00,4/20/2022 15:21
f047a2c9-c71a-44b4-b44e-98ab479d9027,eastus2,rg-it-contact-uat-eus2-001,func-it-can-cntct-api-uat-eus2-001,Available,The Web app is running normally.,,3/21/2022 0:00,4/20/2022 15:21
f047a2c9-c71a-44b4-b44e-98ab479d9027,eastus2,rg-it-contact-uat-eus2-001,func-it-cntct-ch-uat-eus2-009,Available,The Web app is running normally.,,3/21/2022 0:00,4/20/2022 15:21
f047a2c9-c71a-44b4-b44e-98ab479d9027,eastus2,rg-it-contact-uat-eus2-001,func-it-cntct-ch-uat-eus2-004,Available,The Web app is running normally.,,3/21/2022 0:00,4/20/2022 15:21
f047a2c9-c71a-44b4-b44e-98ab479d9027,eastus2,rg-it-contact-uat-eus2-001,func-it-cntct-ds-uat-eus2-002,Available,The Web app is running normally.,,3/21/2022 0:00,4/20/2022 15:21
f047a2c9-c71a-44b4-b44e-98ab479d9027,eastus2,rg-it-contact-uat-eus2-001,func-it-cntct-ch-uat-eus2-013,Available,The Web app is running normally.,,3/21/2022 0:00,4/20/2022 15:21
f047a2c9-c71a-44b4-b44e-98ab479d9027,eastus2,rg-it-contact-uat-eus2-001,func-it-cntct-ch-uat-eus2-010,Available,The Web app is running normally.,,3/21/2022 0:00,4/20/2022 15:21
f047a2c9-c71a-44b4-b44e-98ab479d9027,eastus2,rg-it-contact-uat-eus2-001,func-it-cntct-ch-uat-eus2-012,Available,The Web app is running normally.,,3/21/2022 0:00,4/20/2022 15:21
f047a2c9-c71a-44b4-b44e-98ab479d9027,eastus2,rg-it-contact-uat-eus2-001,func-it-cntct-ch-uat-eus2-005,Available,The Web app is running normally.,,3/21/2022 0:00,4/20/2022 15:21
f047a2c9-c71a-44b4-b44e-98ab479d9027,eastus2,rg-it-contact-uat-eus2-001,func-it-cntct-ch-uat-eus2-002,Available,The Web app is running normally.,,3/21/2022 0:00,4/20/2022 15:21
f047a2c9-c71a-44b4-b44e-98ab479d9027,eastus2,rg-it-contact-uat-eus2-001,func-it-cntct-eh-uat-eus2-002,Available,The Web app is running normally.,,3/21/2022 0:00,4/20/2022 15:21
f047a2c9-c71a-44b4-b44e-98ab479d9027,eastus2,rg-it-contact-uat-eus2-001,func-it-cntct-ch-uat-eus2-008,Available,The Web app is running normally.,,3/21/2022 0:00,4/20/2022 15:21
f047a2c9-c71a-44b4-b44e-98ab479d9027,eastus2,rg-it-contact-uat-eus2-001,func-it-cntct-ch-uat-eus2-003,Available,The Web app is running normally.,,3/21/2022 0:00,4/20/2022 15:21
f047a2c9-c71a-44b4-b44e-98ab479d9027,eastus2,rg-it-appsvcs-uat-eus2-001,sb-it-appsvcs-uat-eus2-001,Available,There are no known issues affecting this Service Bus namespace.,,3/21/2022 0:00,4/20/2022 15:21
f047a2c9-c71a-44b4-b44e-98ab479d9027,eastus2,rg-it-appsvcs-uat-eus2-001,evh-it-appsvcs-uat-eus2-003,Available,There are no known issues affecting this Event Hubs namespace.,,3/21/2022 0:00,4/20/2022 15:21
f047a2c9-c71a-44b4-b44e-98ab479d9027,eastus2,rg-it-appsvcs-uat-eus2-001,evh-it-appsvcs-uat-eus2-002,Available,There are no known issues affecting this Event Hubs namespace.,,3/21/2022 0:00,4/20/2022 15:21
f047a2c9-c71a-44b4-b44e-98ab479d9027,eastus2,rg-it-appsvcs-uat-eus2-001,evh-it-appsvcs-uat-eus2-001,Available,There are no known issues affecting this Event Hubs namespace.,,3/21/2022 0:00,4/20/2022 15:21
f047a2c9-c71a-44b4-b44e-98ab479d9027,eastus2,rg-it-appsvcs-uat-eus2-001,stitappsvcsuateus2001,Available,There aren't any known Azure platform problems affecting this storage account.,,3/21/2022 0:00,4/20/2022 15:21
f047a2c9-c71a-44b4-b44e-98ab479d9027,eastus2,rg-it-appsvcs-uat-eus2-001,kv-it-apsvc-uat-eus2-001,Available,There aren't any known Azure platform problems affecting this key vault.,,3/21/2022 0:00,4/20/2022 15:21
f047a2c9-c71a-44b4-b44e-98ab479d9027,eastus2,rg-it-appsvcs-uat-eus2-001,func-it-eg-uat-eus2-004,Available,The Web app is running normally.,,3/21/2022 0:00,4/20/2022 15:21
f047a2c9-c71a-44b4-b44e-98ab479d9027,eastus2,rg-it-appsvcs-uat-eus2-001,func-it-eg-uat-eus2-001,Available,The Web app is running normally.,,3/21/2022 0:00,4/20/2022 15:21
f047a2c9-c71a-44b4-b44e-98ab479d9027,eastus2,rg-it-appsvcs-uat-eus2-001,func-it-eg-uat-eus2-003,Available,The Web app is running normally.,,3/21/2022 0:00,4/20/2022 15:21
f047a2c9-c71a-44b4-b44e-98ab479d9027,eastus2,rg-it-appsvcs-uat-eus2-001,func-it-eg-uat-eus2-002,Available,The Web app is running normally.,,3/21/2022 0:00,4/20/2022 15:21
f047a2c9-c71a-44b4-b44e-98ab479d9027,eastus2,rg-it-appsvcs-uat-eus2-001,apim-it-appsvcs-uat-eus2-001,Unknown,We are currently unable to determine the health of this API Management service.,,4/20/2022 15:21,4/20/2022 15:21
f047a2c9-c71a-44b4-b44e-98ab479d9027,eastus2,rg-it-appsvcs-trn-eus2-001,kv-it-apsvc-trn-eus2-001,Available,There aren't any known Azure platform problems affecting this key vault.,,3/21/2022 0:00,4/20/2022 15:21
f047a2c9-c71a-44b4-b44e-98ab479d9027,eastus2,rg-it-appsvcs-trn-eus2-001,evh-it-appsvcs-trn-eus2-001,Available,There are no known issues affecting this Event Hubs namespace.,,3/21/2022 0:00,4/20/2022 15:21
f047a2c9-c71a-44b4-b44e-98ab479d9027,eastus2,rg-it-appsvcs-trn-eus2-001,evh-it-appsvcs-trn-eus2-002,Available,There are no known issues affecting this Event Hubs namespace.,,3/21/2022 0:00,4/20/2022 15:21
f047a2c9-c71a-44b4-b44e-98ab479d9027,eastus2,rg-it-appsvcs-trn-eus2-001,evh-it-appsvcs-trn-eus2-003,Available,There are no known issues affecting this Event Hubs namespace.,,3/21/2022 0:00,4/20/2022 15:21
f047a2c9-c71a-44b4-b44e-98ab479d9027,eastus2,rg-it-appsvcs-trn-eus2-001,stitappsvcstrneus2001,Available,There aren't any known Azure platform problems affecting this storage account.,,3/21/2022 0:00,4/20/2022 15:21
f047a2c9-c71a-44b4-b44e-98ab479d9027,eastus2,rg-it-appsvcs-trn-eus2-001,sb-it-appsvcs-trn-eus2-001,Available,There are no known issues affecting this Service Bus namespace.,,3/21/2022 0:00,4/20/2022 15:21
f047a2c9-c71a-44b4-b44e-98ab479d9027,eastus2,rg-it-appsvcs-trn-eus2-001,apim-it-appsvcs-trn-eus2-006,Unknown,We are currently unable to determine the health of this API Management service.,,4/20/2022 15:21,4/20/2022 15:21
f047a2c9-c71a-44b4-b44e-98ab479d9027,eastus2,rg-it-appsvcs-trn-eus2-001,func-it-eg-trn-eus2-003,Available,The Web app is running normally.,,3/21/2022 0:00,4/20/2022 15:21
f047a2c9-c71a-44b4-b44e-98ab479d9027,eastus2,rg-it-appsvcs-trn-eus2-001,func-it-eg-trn-eus2-001,Available,The Web app is running normally.,,3/21/2022 0:00,4/20/2022 15:21
f047a2c9-c71a-44b4-b44e-98ab479d9027,eastus2,rg-it-appsvcs-trn-eus2-001,func-it-eg-trn-eus2-002,Available,The Web app is running normally.,,3/21/2022 0:00,4/20/2022 15:21
f047a2c9-c71a-44b4-b44e-98ab479d9027,eastus2,rg-it-appsvcs-trn-eus2-001,func-it-eg-trn-eus2-004,Available,The Web app is running normally.,,3/21/2022 0:00,4/20/2022 15:21
f047a2c9-c71a-44b4-b44e-98ab479d9027,eastus2,rg-it-contact-trn-eus2-001,stitcontacttrneus2002,Available,There aren't any known Azure platform problems affecting this storage account.,,3/21/2022 0:00,4/20/2022 15:21
f047a2c9-c71a-44b4-b44e-98ab479d9027,eastus2,rg-it-contact-trn-eus2-001,stitcontacttrneus2001,Available,There aren't any known Azure platform problems affecting this storage account.,,3/21/2022 0:00,4/20/2022 15:21
f047a2c9-c71a-44b4-b44e-98ab479d9027,eastus2,rg-it-contact-trn-eus2-001,sqlva6zdo6u6d6d63c,Available,There aren't any known Azure platform problems affecting this storage account.,,3/30/2022 14:04,4/20/2022 15:21
f047a2c9-c71a-44b4-b44e-98ab479d9027,eastus2,rg-it-contact-trn-eus2-001,sql-it-contact-trn-eus2-001-primary,Available,There aren't any known Azure platform problems affecting this SQL database or SQL data warehouse.,,3/26/2022 21:36,4/20/2022 15:21
f047a2c9-c71a-44b4-b44e-98ab479d9027,eastus2,rg-it-contact-trn-eus2-001,sb-it-contact-trn-eus2-001,Available,There are no known issues affecting this Service Bus namespace.,,3/21/2022 0:00,4/20/2022 15:21
f047a2c9-c71a-44b4-b44e-98ab479d9027,eastus2,rg-it-contact-trn-eus2-001,kv-it-cntct-trn-eus2-002,Available,There aren't any known Azure platform problems affecting this key vault.,,3/21/2022 0:00,4/20/2022 15:21
f047a2c9-c71a-44b4-b44e-98ab479d9027,eastus2,rg-it-contact-trn-eus2-001,func-it-cntct-cnd-trn-eus2-001,Available,The Web app is running normally.,,3/21/2022 0:00,4/20/2022 15:21
f047a2c9-c71a-44b4-b44e-98ab479d9027,eastus2,rg-it-contact-trn-eus2-001,func-it-cntct-blty-trn-eus2-002,Available,The Web app is running normally.,,3/21/2022 0:00,4/20/2022 15:21
f047a2c9-c71a-44b4-b44e-98ab479d9027,eastus2,rg-it-contact-trn-eus2-001,func-it-count-trn-eus2-001,Available,The Web app is running normally.,,3/21/2022 0:00,4/20/2022 15:21
f047a2c9-c71a-44b4-b44e-98ab479d9027,eastus2,rg-it-contact-trn-eus2-001,func-it-cntct-blty-trn-eus2-001,Available,The Web app is running normally.,,3/21/2022 0:00,4/20/2022 15:21
f047a2c9-c71a-44b4-b44e-98ab479d9027,eastus2,rg-it-contact-trn-eus2-001,func-it-cntct-ch-trn-eus2-007,Available,The Web app is running normally.,,3/21/2022 0:00,4/20/2022 15:21
f047a2c9-c71a-44b4-b44e-98ab479d9027,eastus2,rg-it-contact-trn-eus2-001,func-it-cntct-ch-trn-eus2-009,Available,The Web app is running normally.,,3/21/2022 0:00,4/20/2022 15:21
f047a2c9-c71a-44b4-b44e-98ab479d9027,eastus2,rg-it-contact-trn-eus2-001,func-it-cntct-ch-trn-eus2-006,Available,The Web app is running normally.,,3/21/2022 0:00,4/20/2022 15:21
f047a2c9-c71a-44b4-b44e-98ab479d9027,eastus2,rg-it-contact-trn-eus2-001,func-it-cntct-ch-trn-eus2-003,Available,The Web app is running normally.,,3/21/2022 0:00,4/20/2022 15:21
f047a2c9-c71a-44b4-b44e-98ab479d9027,eastus2,rg-it-contact-trn-eus2-001,func-it-cntct-ch-trn-eus2-011,Available,The Web app is running normally.,,3/21/2022 0:00,4/20/2022 15:21
f047a2c9-c71a-44b4-b44e-98ab479d9027,eastus2,rg-it-contact-trn-eus2-001,func-it-cntct-ch-trn-eus2-013,Available,The Web app is running normally.,,3/21/2022 0:00,4/20/2022 15:21
f047a2c9-c71a-44b4-b44e-98ab479d9027,eastus2,rg-it-contact-trn-eus2-001,func-it-cntct-ch-trn-eus2-002,Available,The Web app is running normally.,,3/21/2022 0:00,4/20/2022 15:21
f047a2c9-c71a-44b4-b44e-98ab479d9027,eastus2,rg-it-contact-trn-eus2-001,func-it-cntct-ch-trn-eus2-005,Available,The Web app is running normally.,,3/21/2022 0:00,4/20/2022 15:21
f047a2c9-c71a-44b4-b44e-98ab479d9027,eastus2,rg-it-contact-trn-eus2-001,func-it-cntct-ch-trn-eus2-004,Available,The Web app is running normally.,,3/21/2022 0:00,4/20/2022 15:21
f047a2c9-c71a-44b4-b44e-98ab479d9027,eastus2,rg-it-contact-trn-eus2-001,func-it-cntct-ch-trn-eus2-012,Available,The Web app is running normally.,,3/21/2022 0:00,4/20/2022 15:21
f047a2c9-c71a-44b4-b44e-98ab479d9027,eastus2,rg-it-contact-trn-eus2-001,func-it-dlqapi-trn-eus2-001,Available,The Web app is running normally.,,3/21/2022 0:00,4/20/2022 15:21
f047a2c9-c71a-44b4-b44e-98ab479d9027,eastus2,rg-it-contact-trn-eus2-001,func-it-cntct-ch-trn-eus2-010,Available,The Web app is running normally.,,3/21/2022 0:00,4/20/2022 15:21
f047a2c9-c71a-44b4-b44e-98ab479d9027,eastus2,rg-it-contact-trn-eus2-001,func-it-cntct-ch-trn-eus2-008,Available,The Web app is running normally.,,3/21/2022 0:00,4/20/2022 15:21
f047a2c9-c71a-44b4-b44e-98ab479d9027,eastus2,rg-it-contact-trn-eus2-001,func-it-cntct-eh-trn-eus2-002,Available,The Web app is running normally.,,3/21/2022 0:00,4/20/2022 15:21
f047a2c9-c71a-44b4-b44e-98ab479d9027,eastus2,rg-it-contact-trn-eus2-001,func-it-cntct-ch-trn-eus2-001,Available,The Web app is running normally.,,3/21/2022 0:00,4/20/2022 15:21
f047a2c9-c71a-44b4-b44e-98ab479d9027,eastus2,rg-it-contact-trn-eus2-001,func-it-cntct-eh-trn-eus2-003,Available,The Web app is running normally.,,3/21/2022 0:00,4/20/2022 15:21
f047a2c9-c71a-44b4-b44e-98ab479d9027,eastus2,rg-it-contact-trn-eus2-001,func-it-cntct-ds-trn-eus2-002,Available,The Web app is running normally.,,3/21/2022 0:00,4/20/2022 15:21
f047a2c9-c71a-44b4-b44e-98ab479d9027,eastus2,rg-it-contact-trn-eus2-001,func-it-cntct-eh-trn-eus2-001,Available,The Web app is running normally.,,3/21/2022 0:00,4/20/2022 15:21
f047a2c9-c71a-44b4-b44e-98ab479d9027,eastus2,rg-it-contact-trn-eus2-001,func-it-cntct-ds-trn-eus2-001,Available,The Web app is running normally.,,3/21/2022 0:00,4/20/2022 15:21
f047a2c9-c71a-44b4-b44e-98ab479d9027,eastus2,rg-it-contact-trn-eus2-001,func-it-can-cntct-api-trn-eus2-001,Available,The Web app is running normally.,,3/21/2022 0:00,4/20/2022 15:21
f047a2c9-c71a-44b4-b44e-98ab479d9027,eastus2,rg-it-dw-trn-eus2-001,kv-it-dw-trn-eus2-001,Available,There aren't any known Azure platform problems affecting this key vault.,,3/21/2022 0:00,4/20/2022 15:21
f047a2c9-c71a-44b4-b44e-98ab479d9027,eastus2,rg-it-dw-trn-eus2-001,stitdwtrneus2001,Available,There aren't any known Azure platform problems affecting this storage account.,,3/21/2022 0:00,4/20/2022 15:21
f047a2c9-c71a-44b4-b44e-98ab479d9027,eastus2,rg-it-dw-trn-eus2-001,func-it-datareq-trn-eus2-001,Available,The Web app is running normally.,,3/21/2022 0:00,4/20/2022 15:21
f047a2c9-c71a-44b4-b44e-98ab479d9027,eastus2,rg-it-dw-trn-eus2-001,func-it-sbread-trn-eus2-001,Available,The Web app is running normally.,,3/21/2022 0:00,4/20/2022 15:21
f047a2c9-c71a-44b4-b44e-98ab479d9027,eastus2,rg-it-payments-dev-eus2-001,stitpaymentsdeveus2001,Available,There aren't any known Azure platform problems affecting this storage account.,,3/21/2022 0:00,4/20/2022 15:21
f047a2c9-c71a-44b4-b44e-98ab479d9027,eastus2,rg-it-payments-dev-eus2-001,sqlvaxfytv5tocexke,Available,There aren't any known Azure platform problems affecting this storage account.,,3/30/2022 14:04,4/20/2022 15:21
f047a2c9-c71a-44b4-b44e-98ab479d9027,eastus2,rg-it-payments-dev-eus2-001,kv-it-pmt-dev-eus2-001,Available,There aren't any known Azure platform problems affecting this key vault.,,3/21/2022 0:00,4/20/2022 15:21
f047a2c9-c71a-44b4-b44e-98ab479d9027,eastus2,rg-it-payments-dev-eus2-001,sql-it-payments-dev-eus2-001-primary,Available,There aren't any known Azure platform problems affecting this SQL database or SQL data warehouse.,,3/26/2022 21:36,4/20/2022 15:21
f047a2c9-c71a-44b4-b44e-98ab479d9027,eastus2,rg-it-payments-dev-eus2-001,func-it-payments-dev-eus2-001,Available,The Web app is running normally.,,3/21/2022 0:00,4/20/2022 15:21
f047a2c9-c71a-44b4-b44e-98ab479d9027,eastus2,rg-it-jap-dev-eus2-001,stitjapdeveus2001,Available,There aren't any known Azure platform problems affecting this storage account.,,3/21/2022 0:00,4/20/2022 15:21
f047a2c9-c71a-44b4-b44e-98ab479d9027,eastus2,rg-it-jap-dev-eus2-001,kv-it-jap-dev-eus2-001,Available,There aren't any known Azure platform problems affecting this key vault.,,3/21/2022 0:00,4/20/2022 15:21
f047a2c9-c71a-44b4-b44e-98ab479d9027,eastus2,rg-it-jap-dev-eus2-001,func-it-jap-dev-eus2-001,Available,The Web app is running normally.,,3/21/2022 0:00,4/20/2022 15:21
f047a2c9-c71a-44b4-b44e-98ab479d9027,eastus2,rg-it-jap-dev-eus2-001,func-it-jappoc-dev-eus2-001,Available,The Web app is running normally.,,3/21/2022 0:00,4/20/2022 15:21
f047a2c9-c71a-44b4-b44e-98ab479d9027,eastus2,rg-it-payments-uat-eus2-001,kv-it-pmt-uat-eus2-001,Available,There aren't any known Azure platform problems affecting this key vault.,,3/21/2022 0:00,4/20/2022 15:21
f047a2c9-c71a-44b4-b44e-98ab479d9027,eastus2,rg-it-payments-uat-eus2-001,stitpaymentsuateus2001,Available,There aren't any known Azure platform problems affecting this storage account.,,3/21/2022 0:00,4/20/2022 15:21
f047a2c9-c71a-44b4-b44e-98ab479d9027,eastus2,rg-it-payments-uat-eus2-001,sqlvalrf2bg3fjvf2e,Available,There aren't any known Azure platform problems affecting this storage account.,,3/30/2022 14:04,4/20/2022 15:21
f047a2c9-c71a-44b4-b44e-98ab479d9027,eastus2,rg-it-payments-uat-eus2-001,sql-it-payments-uat-eus2-001-primary,Available,There aren't any known Azure platform problems affecting this SQL database or SQL data warehouse.,,3/26/2022 21:36,4/20/2022 15:21
f047a2c9-c71a-44b4-b44e-98ab479d9027,eastus2,rg-it-payments-uat-eus2-001,func-it-payments-uat-eus2-001,Available,The Web app is running normally.,,3/21/2022 0:00,4/20/2022 15:21
f047a2c9-c71a-44b4-b44e-98ab479d9027,eastus2,rg-it-payments-tst-eus2-001,sql-it-payments-tst-eus2-001-primary,Available,There aren't any known Azure platform problems affecting this SQL database or SQL data warehouse.,,4/4/2022 22:26,4/20/2022 15:21
f047a2c9-c71a-44b4-b44e-98ab479d9027,eastus2,rg-it-payments-tst-eus2-001,kv-it-pmt-tst-eus2-001,Available,There aren't any known Azure platform problems affecting this key vault.,,3/21/2022 0:00,4/20/2022 15:21
f047a2c9-c71a-44b4-b44e-98ab479d9027,eastus2,rg-it-payments-tst-eus2-001,stitpaymentststeus2001,Available,There aren't any known Azure platform problems affecting this storage account.,,3/21/2022 0:00,4/20/2022 15:21
f047a2c9-c71a-44b4-b44e-98ab479d9027,eastus2,rg-it-payments-tst-eus2-001,sqlvav2licf4kwimiy,Available,There aren't any known Azure platform problems affecting this storage account.,,3/30/2022 14:04,4/20/2022 15:21
f047a2c9-c71a-44b4-b44e-98ab479d9027,eastus2,rg-it-payments-tst-eus2-001,func-it-payments-tst-eus2-001,Available,The Web app is running normally.,,3/21/2022 0:00,4/20/2022 15:21
f047a2c9-c71a-44b4-b44e-98ab479d9027,eastus2,rg-it-payments-tst-eus2-001,func-it-payments-tst-eus2-002,Available,The Web app is running normally.,,3/21/2022 0:00,4/20/2022 15:21
f047a2c9-c71a-44b4-b44e-98ab479d9027,eastus2,rg-it-payments-trn-eus2-001,kv-it-pmt-trn-eus2-001,Available,There aren't any known Azure platform problems affecting this key vault.,,3/30/2022 19:12,4/20/2022 15:21
f047a2c9-c71a-44b4-b44e-98ab479d9027,eastus2,rg-it-payments-trn-eus2-001,sql-it-payments-trn-eus2-001-primary,Available,There aren't any known Azure platform problems affecting this SQL database or SQL data warehouse.,,3/30/2022 19:33,4/20/2022 15:21
f047a2c9-c71a-44b4-b44e-98ab479d9027,eastus2,rg-it-payments-trn-eus2-001,stitpaymentstrneus2001,Available,There aren't any known Azure platform problems affecting this storage account.,,3/30/2022 19:20,4/20/2022 15:21
f047a2c9-c71a-44b4-b44e-98ab479d9027,eastus2,rg-it-payments-trn-eus2-001,sqlva7twxfwvw2qcew,Available,There aren't any known Azure platform problems affecting this storage account.,,4/4/2022 15:27,4/20/2022 15:21
f047a2c9-c71a-44b4-b44e-98ab479d9027,eastus2,rg-it-payments-trn-eus2-001,func-it-payments-trn-eus2-001,Available,The Web app is running normally.,,4/5/2022 2:31,4/20/2022 15:21
baa6de65-ef6c-4798-a55a-341bb0beefd8,centralus,rg-it-network-prod-cus-001,plan-it-py-prod-cus-001,Available,The App Service plan is running normally.,,3/21/2022 0:00,4/20/2022 15:21
baa6de65-ef6c-4798-a55a-341bb0beefd8,centralus,rg-it-network-prod-cus-001,plan-it-func-prod-cus-001,Available,The App Service plan is running normally.,,3/21/2022 0:00,4/20/2022 15:21
baa6de65-ef6c-4798-a55a-341bb0beefd8,centralus,rg-it-dw-prod-cus-001,stitdwprodcus001,Available,There aren't any known Azure platform problems affecting this storage account.,,3/21/2022 0:00,4/20/2022 15:22
baa6de65-ef6c-4798-a55a-341bb0beefd8,centralus,rg-it-dw-prod-cus-001,kv-it-dw-prod-cus-001,Available,There aren't any known Azure platform problems affecting this key vault.,,3/21/2022 0:00,4/20/2022 15:22
baa6de65-ef6c-4798-a55a-341bb0beefd8,centralus,rg-it-dw-prod-cus-001,func-it-datareq-prod-cus-001,Available,The Web app is running normally.,,3/21/2022 0:00,4/20/2022 15:22
baa6de65-ef6c-4798-a55a-341bb0beefd8,centralus,rg-it-dw-prod-cus-001,func-it-sbread-prod-cus-001,Available,The Web app is running normally.,,3/21/2022 0:00,4/20/2022 15:22
baa6de65-ef6c-4798-a55a-341bb0beefd8,centralus,rg-it-appsvcs-prod-cus-001,stitappsvcsprodcus001,Available,There aren't any known Azure platform problems affecting this storage account.,,3/21/2022 0:00,4/20/2022 15:22
baa6de65-ef6c-4798-a55a-341bb0beefd8,centralus,rg-it-appsvcs-prod-cus-001,kv-it-apsv-prod-cus-001,Available,There aren't any known Azure platform problems affecting this key vault.,,3/21/2022 0:00,4/20/2022 15:22
baa6de65-ef6c-4798-a55a-341bb0beefd8,centralus,rg-it-appsvcs-prod-cus-001,func-it-eg-prod-cus-002,Available,The Web app is running normally.,,3/21/2022 0:00,4/20/2022 15:22
baa6de65-ef6c-4798-a55a-341bb0beefd8,centralus,rg-it-appsvcs-prod-cus-001,func-it-eg-prod-cus-001,Available,The Web app is running normally.,,3/21/2022 0:00,4/20/2022 15:22
baa6de65-ef6c-4798-a55a-341bb0beefd8,centralus,rg-it-appsvcs-prod-cus-001,func-it-eg-prod-cus-004,Available,The Web app is running normally.,,3/21/2022 0:00,4/20/2022 15:22
baa6de65-ef6c-4798-a55a-341bb0beefd8,centralus,rg-it-appsvcs-prod-cus-001,func-it-eg-prod-cus-003,Available,The Web app is running normally.,,3/21/2022 0:00,4/20/2022 15:22
baa6de65-ef6c-4798-a55a-341bb0beefd8,centralus,rg-it-appsvcs-prod-cus-001,evh-it-appsvcs-prod-cus-001,Available,There are no known issues affecting this Event Hubs namespace.,,3/21/2022 0:00,4/20/2022 15:22
baa6de65-ef6c-4798-a55a-341bb0beefd8,centralus,rg-it-appsvcs-prod-cus-001,evh-it-appsvcs-prod-cus-003,Available,There are no known issues affecting this Event Hubs namespace.,,3/21/2022 0:00,4/20/2022 15:22
baa6de65-ef6c-4798-a55a-341bb0beefd8,centralus,rg-it-appsvcs-prod-cus-001,evh-it-appsvcs-prod-cus-002,Available,There are no known issues affecting this Event Hubs namespace.,,3/21/2022 0:00,4/20/2022 15:22
baa6de65-ef6c-4798-a55a-341bb0beefd8,centralus,rg-it-appsvcs-prod-cus-001,sb-it-appsvcs-prod-cus-001,Available,There are no known issues affecting this Service Bus namespace.,,3/21/2022 0:00,4/20/2022 15:22
baa6de65-ef6c-4798-a55a-341bb0beefd8,centralus,rg-it-appsvcs-prod-cus-001,apim-it-appsvcs-prod-cus-007,Unknown,We are currently unable to determine the health of this API Management service.,,4/20/2022 15:22,4/20/2022 15:22
baa6de65-ef6c-4798-a55a-341bb0beefd8,eastus2,rg-it-appsvcs-prod-cus-001,mpqueryeventhub,Available,There aren't any known Azure platform problems affecting this job.,,3/21/2022 0:00,4/20/2022 15:22
baa6de65-ef6c-4798-a55a-341bb0beefd8,centralus,rg-it-contact-prod-cus-001,stitcontactprodcus002,Available,There aren't any known Azure platform problems affecting this storage account.,,3/21/2022 0:00,4/20/2022 15:22
baa6de65-ef6c-4798-a55a-341bb0beefd8,centralus,rg-it-contact-prod-cus-001,stitcontactprodcus001,Available,There aren't any known Azure platform problems affecting this storage account.,,3/21/2022 0:00,4/20/2022 15:22
baa6de65-ef6c-4798-a55a-341bb0beefd8,centralus,rg-it-contact-prod-cus-001,kv-it-cntc-prod-cus-002,Available,There aren't any known Azure platform problems affecting this key vault.,,3/21/2022 0:00,4/20/2022 15:22
baa6de65-ef6c-4798-a55a-341bb0beefd8,centralus,rg-it-contact-prod-cus-001,func-it-can-cntct-api-prod-cus-001,Available,The Web app is running normally.,,3/21/2022 0:00,4/20/2022 15:22
baa6de65-ef6c-4798-a55a-341bb0beefd8,centralus,rg-it-contact-prod-cus-001,func-it-cntct-blty-prod-cus-002,Available,The Web app is running normally.,,3/21/2022 0:00,4/20/2022 15:22
baa6de65-ef6c-4798-a55a-341bb0beefd8,centralus,rg-it-contact-prod-cus-001,func-it-cntct-blty-prod-cus-001,Available,The Web app is running normally.,,3/21/2022 0:00,4/20/2022 15:22
baa6de65-ef6c-4798-a55a-341bb0beefd8,centralus,rg-it-contact-prod-cus-001,func-it-count-prod-cus-001,Available,The Web app is running normally.,,3/21/2022 0:00,4/20/2022 15:22
baa6de65-ef6c-4798-a55a-341bb0beefd8,centralus,rg-it-contact-prod-cus-001,func-it-cntct-ds-prod-cus-001,Available,The Web app is running normally.,,3/21/2022 0:00,4/20/2022 15:22
baa6de65-ef6c-4798-a55a-341bb0beefd8,centralus,rg-it-contact-prod-cus-001,func-it-cntct-eh-prod-cus-001,Available,The Web app is running normally.,,3/21/2022 0:00,4/20/2022 15:22
baa6de65-ef6c-4798-a55a-341bb0beefd8,centralus,rg-it-contact-prod-cus-001,func-it-cntct-ds-prod-cus-002,Available,The Web app is running normally.,,3/21/2022 0:00,4/20/2022 15:22
baa6de65-ef6c-4798-a55a-341bb0beefd8,centralus,rg-it-contact-prod-cus-001,func-it-cntct-cnd-prod-cus-001,Available,The Web app is running normally.,,3/21/2022 0:00,4/20/2022 15:22
baa6de65-ef6c-4798-a55a-341bb0beefd8,centralus,rg-it-contact-prod-cus-001,func-it-cntct-eh-prod-cus-003,Available,The Web app is running normally.,,3/21/2022 0:00,4/20/2022 15:22
baa6de65-ef6c-4798-a55a-341bb0beefd8,centralus,rg-it-contact-prod-cus-001,func-it-cntct-eh-prod-cus-002,Available,The Web app is running normally.,,3/21/2022 0:00,4/20/2022 15:22
baa6de65-ef6c-4798-a55a-341bb0beefd8,centralus,rg-it-contact-prod-cus-001,func-it-cntct-ch-prod-cus-001,Available,The Web app is running normally.,,3/21/2022 0:00,4/20/2022 15:22
baa6de65-ef6c-4798-a55a-341bb0beefd8,centralus,rg-it-contact-prod-cus-001,func-it-cntct-ch-prod-cus-005,Available,The Web app is running normally.,,3/21/2022 0:00,4/20/2022 15:22
baa6de65-ef6c-4798-a55a-341bb0beefd8,centralus,rg-it-contact-prod-cus-001,func-it-cntct-ch-prod-cus-002,Available,The Web app is running normally.,,3/21/2022 0:00,4/20/2022 15:22
baa6de65-ef6c-4798-a55a-341bb0beefd8,centralus,rg-it-contact-prod-cus-001,func-it-cntct-ch-prod-cus-013,Available,The Web app is running normally.,,3/21/2022 0:00,4/20/2022 15:22
baa6de65-ef6c-4798-a55a-341bb0beefd8,centralus,rg-it-contact-prod-cus-001,func-it-cntct-ch-prod-cus-007,Available,The Web app is running normally.,,3/21/2022 0:00,4/20/2022 15:22
baa6de65-ef6c-4798-a55a-341bb0beefd8,centralus,rg-it-contact-prod-cus-001,func-it-cntct-ch-prod-cus-012,Available,The Web app is running normally.,,3/21/2022 0:00,4/20/2022 15:22
baa6de65-ef6c-4798-a55a-341bb0beefd8,centralus,rg-it-contact-prod-cus-001,func-it-cntct-ch-prod-cus-008,Available,The Web app is running normally.,,3/21/2022 0:00,4/20/2022 15:22
baa6de65-ef6c-4798-a55a-341bb0beefd8,centralus,rg-it-contact-prod-cus-001,func-it-cntct-ch-prod-cus-010,Available,The Web app is running normally.,,3/21/2022 0:00,4/20/2022 15:22
baa6de65-ef6c-4798-a55a-341bb0beefd8,centralus,rg-it-contact-prod-cus-001,func-it-cntct-ch-prod-cus-009,Available,The Web app is running normally.,,3/21/2022 0:00,4/20/2022 15:22
baa6de65-ef6c-4798-a55a-341bb0beefd8,centralus,rg-it-contact-prod-cus-001,func-it-cntct-ch-prod-cus-006,Available,The Web app is running normally.,,3/21/2022 0:00,4/20/2022 15:22
baa6de65-ef6c-4798-a55a-341bb0beefd8,centralus,rg-it-contact-prod-cus-001,func-it-cntct-ch-prod-cus-003,Available,The Web app is running normally.,,3/21/2022 0:00,4/20/2022 15:22
baa6de65-ef6c-4798-a55a-341bb0beefd8,centralus,rg-it-contact-prod-cus-001,func-it-cntct-ch-prod-cus-011,Available,The Web app is running normally.,,3/21/2022 0:00,4/20/2022 15:22
baa6de65-ef6c-4798-a55a-341bb0beefd8,centralus,rg-it-contact-prod-cus-001,func-it-cntct-ch-prod-cus-004,Available,The Web app is running normally.,,3/21/2022 0:00,4/20/2022 15:22
baa6de65-ef6c-4798-a55a-341bb0beefd8,centralus,rg-it-contact-prod-cus-001,func-it-dlqapi-prod-cus-001,Available,The Web app is running normally.,,3/21/2022 0:00,4/20/2022 15:22
baa6de65-ef6c-4798-a55a-341bb0beefd8,centralus,rg-it-contact-prod-cus-001,sb-it-contact-prod-cus-001,Available,There are no known issues affecting this Service Bus namespace.,,3/21/2022 0:00,4/20/2022 15:22
baa6de65-ef6c-4798-a55a-341bb0beefd8,centralus,rg-it-payments-prod-cus-001,kv-it-pmt-prod-cus-001,Available,There aren't any known Azure platform problems affecting this key vault.,,3/21/2022 0:00,4/20/2022 15:22
baa6de65-ef6c-4798-a55a-341bb0beefd8,centralus,rg-it-payments-prod-cus-001,stitpaymentsprodcus001,Available,There aren't any known Azure platform problems affecting this storage account.,,3/21/2022 0:00,4/20/2022 15:22
baa6de65-ef6c-4798-a55a-341bb0beefd8,centralus,rg-it-payments-prod-cus-001,sqlvajqwcj63wcoya2,Available,There aren't any known Azure platform problems affecting this storage account.,,3/30/2022 13:56,4/20/2022 15:22
baa6de65-ef6c-4798-a55a-341bb0beefd8,centralus,rg-it-payments-prod-cus-001,sql-it-payments-prod-cus-001-primary,Available,There aren't any known Azure platform problems affecting this SQL database or SQL data warehouse.,,4/17/2022 6:10,4/20/2022 15:22
baa6de65-ef6c-4798-a55a-341bb0beefd8,centralus,rg-it-payments-prod-cus-001,func-it-payments-prod-cus-001,Available,The Web app is running normally.,,3/21/2022 0:00,4/20/2022 15:22
50664444-1a76-4154-b346-a3702c8b7b47,eastus,azurelogs,workdaylogs,Available,There aren't any known Azure platform problems affecting this workspace.,,3/29/2022 20:15,4/20/2022 15:22
50664444-1a76-4154-b346-a3702c8b7b47,eastus2,rg-it-inf-aad-001,kv-it-inf-aad-001,Available,There aren't any known Azure platform problems affecting this key vault.,,3/21/2022 0:00,4/20/2022 15:22
50664444-1a76-4154-b346-a3702c8b7b47,eastus2,rg-it-inf-aad-001,kv-it-inf-aad-002,Available,There aren't any known Azure platform problems affecting this key vault.,,4/4/2022 21:12,4/20/2022 15:22
50664444-1a76-4154-b346-a3702c8b7b47,eastus,cloud-shell-storage-eastus,stitpracloudshell,Available,There aren't any known Azure platform problems affecting this storage account.,,3/21/2022 0:00,4/20/2022 15:22
0312de1d-f0c0-472c-8a4e-2659485670aa,eastus2,defaultresourcegroup-eus2,storageaccountdefau9506,Available,There aren't any known Azure platform problems affecting this storage account.,,3/21/2022 0:00,4/20/2022 15:22
0312de1d-f0c0-472c-8a4e-2659485670aa,eastus2,DefaultResourceGroup-EUS2,ASP-DefaultResourceGroupEUS2-9c5b,Unknown,"Resource health status is not available for Free, Shared, Consumption or Isolated App Service plan. To enable health status, consider upgrading to a Basic, Standard, or Premium App Service plan.",,4/20/2022 15:22,4/20/2022 15:22
0312de1d-f0c0-472c-8a4e-2659485670aa,eastus2,defaultresourcegroup-eus2,defaultworkspace-0312de1d-f0c0-472c-8a4e-2659485670aa-eus2,Unknown,We are currently unable to determine the health of this workspace.,,4/20/2022 15:22,4/20/2022 15:22
0312de1d-f0c0-472c-8a4e-2659485670aa,eastus2,defaultresourcegroup-eus2,surajtfunctionapp,Unknown,We are currently unable to determine the health of your Web app.,,4/20/2022 15:22,4/20/2022 15:22
0312de1d-f0c0-472c-8a4e-2659485670aa,eastus2,labs,funcstorsuraj,Available,There aren't any known Azure platform problems affecting this storage account.,,3/21/2022 0:00,4/20/2022 15:22
0312de1d-f0c0-472c-8a4e-2659485670aa,eastus2,Labs,ASP-Labs-918c,Unknown,"Resource health status is not available for Free, Shared, Consumption or Isolated App Service plan. To enable health status, consider upgrading to a Basic, Standard, or Premium App Service plan.",,4/20/2022 15:22,4/20/2022 15:22
0312de1d-f0c0-472c-8a4e-2659485670aa,eastus2,cloudshellrg,cloudshellstoragesuraj,Available,There aren't any known Azure platform problems affecting this storage account.,,3/21/2022 0:00,4/20/2022 15:22
2f9c1c58-4e1d-4318-80a4-b514eb764f6a,eastus,rg-expressroute,azure-connect1,Available,There are no known Azure platform problems affecting this ExpressRoute circuit.,,3/21/2022 0:00,4/20/2022 15:22
2f9c1c58-4e1d-4318-80a4-b514eb764f6a,eastus,rg-expressroute,ashburn-azure-vnet-128_159,Available,This VPN connection is running normally. There aren’t any known Azure platform problems affecting this VPN connection.,,3/21/2022 0:00,4/20/2022 15:22
2f9c1c58-4e1d-4318-80a4-b514eb764f6a,eastus,rg-expressroute,ashburn-azure-vnet-servers,Available,This VPN connection is running normally. There aren’t any known Azure platform problems affecting this VPN connection.,,3/21/2022 0:00,4/20/2022 15:22
2f9c1c58-4e1d-4318-80a4-b514eb764f6a,eastus,rg-expressroute,ashburn-azure-vnet-vdi,Available,This VPN connection is running normally. There aren’t any known Azure platform problems affecting this VPN connection.,,3/21/2022 0:00,4/20/2022 15:22
2f9c1c58-4e1d-4318-80a4-b514eb764f6a,eastus,rg_virtualnetworks,ashburn_ergw_128_159,Available,This gateway is running normally. There aren’t any known Azure platform problems affecting this gateway.,,3/21/2022 0:00,4/20/2022 15:22
2f9c1c58-4e1d-4318-80a4-b514eb764f6a,eastus,rg_virtualnetworks,ashburn_ergw_servers,Available,This gateway is running normally. There aren’t any known Azure platform problems affecting this gateway.,,3/21/2022 0:00,4/20/2022 15:22
2f9c1c58-4e1d-4318-80a4-b514eb764f6a,eastus,rg_virtualnetworks,ashburn_ergw_vdi,Available,This gateway is running normally. There aren’t any known Azure platform problems affecting this gateway.,,3/28/2022 22:25,4/20/2022 15:22
2f9c1c58-4e1d-4318-80a4-b514eb764f6a,eastus,rg_virtualnetworks,virtualserversdiag799,Available,There aren't any known Azure platform problems affecting this storage account.,,3/21/2022 0:00,4/20/2022 15:22
2f9c1c58-4e1d-4318-80a4-b514eb764f6a,eastus,rg_virtualservers,rgvirtualserversdiag,Available,There aren't any known Azure platform problems affecting this storage account.,,3/21/2022 0:00,4/20/2022 15:22
2f9c1c58-4e1d-4318-80a4-b514eb764f6a,eastus,rg_virtualservers,rgvirtualservers963,Available,There aren't any known Azure platform problems affecting this storage account.,,3/21/2022 0:00,4/20/2022 15:22
2f9c1c58-4e1d-4318-80a4-b514eb764f6a,eastus,rg_virtualservers,vault246,Unknown,Health status is not being reported for this recovery service vault at the moment. Resource health may not be enabled for this region or this vault does not have any backup items or there are no backup and restore operations on this vault in the last 24 hours.,,4/20/2022 4:16,4/20/2022 15:22
2f9c1c58-4e1d-4318-80a4-b514eb764f6a,eastus,rg_virtualdesktops,rgvirtualdesktopsdiag871,Available,There aren't any known Azure platform problems affecting this storage account.,,3/21/2022 0:00,4/20/2022 15:22
2f9c1c58-4e1d-4318-80a4-b514eb764f6a,eastus,RG_VirtualDesktops,AZRVDICOL000-10,Unavailable,This virtual machine is stopped and deallocated as requested by an authorized user or process.,Customer Initiated,4/20/2022 15:22,4/20/2022 15:22
2f9c1c58-4e1d-4318-80a4-b514eb764f6a,eastus,cloud-shell-storage-eastus,cs21003bffd977963b2,Available,There aren't any known Azure platform problems affecting this storage account.,,3/21/2022 0:00,4/20/2022 15:22
2f9c1c58-4e1d-4318-80a4-b514eb764f6a,eastus,cloud-shell-storage-eastus,cs21003bffda5a8c34e,Available,There aren't any known Azure platform problems affecting this storage account.,,3/21/2022 0:00,4/20/2022 15:22
2f9c1c58-4e1d-4318-80a4-b514eb764f6a,eastus,cloud-shell-storage-eastus,cs210032001740c411e,Available,There aren't any known Azure platform problems affecting this storage account.,,3/21/2022 0:00,4/20/2022 15:22
2f9c1c58-4e1d-4318-80a4-b514eb764f6a,eastus,cloud-shell-storage-eastus,cs210033fffae5d02b8,Available,There aren't any known Azure platform problems affecting this storage account.,,3/21/2022 0:00,4/20/2022 15:22
2f9c1c58-4e1d-4318-80a4-b514eb764f6a,eastus,rg_storageaccount,praazurestorage,Available,There aren't any known Azure platform problems affecting this storage account.,,3/21/2022 0:00,4/20/2022 15:22
2f9c1c58-4e1d-4318-80a4-b514eb764f6a,eastus,tfstate,tfstate31425,Available,There aren't any known Azure platform problems affecting this storage account.,,3/21/2022 0:00,4/20/2022 15:22
2f9c1c58-4e1d-4318-80a4-b514eb764f6a,eastus,citrix-xd-a847c151-9951-46b1-9dc0-1825dc25785c-0bndp,citrixxdhi7xk601n6lgoff0,Available,There aren't any known Azure platform problems affecting this storage account.,,3/21/2022 0:00,4/20/2022 15:22
2f9c1c58-4e1d-4318-80a4-b514eb764f6a,eastus,citrix-xd-a847c151-9951-46b1-9dc0-1825dc25785c-0bndp,citrixxdniev1lkaa160g470,Available,There aren't any known Azure platform problems affecting this storage account.,,3/21/2022 0:00,4/20/2022 15:22
2f9c1c58-4e1d-4318-80a4-b514eb764f6a,eastus,citrix-xd-c0988e04-590b-44ad-b8ed-b23c48df6d3d-vs8u1,citrixxdhcnzqetsdevz3cl9,Available,There aren't any known Azure platform problems affecting this storage account.,,3/21/2022 0:00,4/20/2022 15:22
2f9c1c58-4e1d-4318-80a4-b514eb764f6a,eastus,citrix-xd-c0988e04-590b-44ad-b8ed-b23c48df6d3d-vs8u1,citrixxdyrer5sg3djuubcyz,Available,There aren't any known Azure platform problems affecting this storage account.,,3/21/2022 0:00,4/20/2022 15:22
2f9c1c58-4e1d-4318-80a4-b514eb764f6a,eastus,citrix-xd-c0988e04-590b-44ad-b8ed-b23c48df6d3d-vs8u1,citrixxd4u1k15xyj6bv9hbg,Available,There aren't any known Azure platform problems affecting this storage account.,,3/21/2022 0:00,4/20/2022 15:22
2f9c1c58-4e1d-4318-80a4-b514eb764f6a,eastus,citrix-xd-c0988e04-590b-44ad-b8ed-b23c48df6d3d-vs8u1,citrixxd83dwgj7ophqi419t,Available,There aren't any known Azure platform problems affecting this storage account.,,3/21/2022 0:00,4/20/2022 15:22
2f9c1c58-4e1d-4318-80a4-b514eb764f6a,eastus,citrix-xd-c0988e04-590b-44ad-b8ed-b23c48df6d3d-vs8u1,citrixxdkrq52bciundzr1h1,Available,There aren't any known Azure platform problems affecting this storage account.,,3/21/2022 0:00,4/20/2022 15:22
2f9c1c58-4e1d-4318-80a4-b514eb764f6a,eastus,citrix-xd-c0988e04-590b-44ad-b8ed-b23c48df6d3d-vs8u1,citrixxdetff1figcsltgt8n,Available,There aren't any known Azure platform problems affecting this storage account.,,3/21/2022 0:00,4/20/2022 15:22
2f9c1c58-4e1d-4318-80a4-b514eb764f6a,eastus,citrix-xd-c0988e04-590b-44ad-b8ed-b23c48df6d3d-vs8u1,citrixxdm89vao62la5828k6,Available,There aren't any known Azure platform problems affecting this storage account.,,3/21/2022 0:00,4/20/2022 15:22
2f9c1c58-4e1d-4318-80a4-b514eb764f6a,eastus,citrix-xd-c0988e04-590b-44ad-b8ed-b23c48df6d3d-vs8u1,citrixxdu56zsk7yzmyp4lhd,Available,There aren't any known Azure platform problems affecting this storage account.,,3/21/2022 0:00,4/20/2022 15:22
2f9c1c58-4e1d-4318-80a4-b514eb764f6a,eastus,citrix-xd-c0988e04-590b-44ad-b8ed-b23c48df6d3d-vs8u1,citrixxdzq2uykvs0a1ylaj6,Available,There aren't any known Azure platform problems affecting this storage account.,,3/21/2022 0:00,4/20/2022 15:22
2f9c1c58-4e1d-4318-80a4-b514eb764f6a,eastus,citrix-xd-c0988e04-590b-44ad-b8ed-b23c48df6d3d-vs8u1,citrixxd40l8ryq459k707uk,Available,There aren't any known Azure platform problems affecting this storage account.,,3/21/2022 0:00,4/20/2022 15:22
2f9c1c58-4e1d-4318-80a4-b514eb764f6a,eastus,citrix-xd-c0988e04-590b-44ad-b8ed-b23c48df6d3d-vs8u1,citrixxdb465mznjkn8ssimy,Available,There aren't any known Azure platform problems affecting this storage account.,,3/21/2022 0:00,4/20/2022 15:22
2f9c1c58-4e1d-4318-80a4-b514eb764f6a,eastus,citrix-xd-c0988e04-590b-44ad-b8ed-b23c48df6d3d-vs8u1,citrixxdd1ueajwaa7zyay22,Available,There aren't any known Azure platform problems affecting this storage account.,,3/21/2022 0:00,4/20/2022 15:22
2f9c1c58-4e1d-4318-80a4-b514eb764f6a,eastus,citrix-xd-c0988e04-590b-44ad-b8ed-b23c48df6d3d-vs8u1,citrixxdspivemhz7afatyfy,Available,There aren't any known Azure platform problems affecting this storage account.,,3/21/2022 0:00,4/20/2022 15:22
2f9c1c58-4e1d-4318-80a4-b514eb764f6a,eastus,citrix-xd-c0988e04-590b-44ad-b8ed-b23c48df6d3d-vs8u1,citrixxd4v3w2zf5rcgety6e,Available,There aren't any known Azure platform problems affecting this storage account.,,3/21/2022 0:00,4/20/2022 15:22
2f9c1c58-4e1d-4318-80a4-b514eb764f6a,eastus,citrix-xd-c0988e04-590b-44ad-b8ed-b23c48df6d3d-vs8u1,citrixxddqwb7hwdwu81k0pg,Available,There aren't any known Azure platform problems affecting this storage account.,,3/21/2022 0:00,4/20/2022 15:22
2f9c1c58-4e1d-4318-80a4-b514eb764f6a,eastus,citrix-xd-c0988e04-590b-44ad-b8ed-b23c48df6d3d-vs8u1,citrixxdtq3c39g7fn2usnf4,Available,There aren't any known Azure platform problems affecting this storage account.,,3/21/2022 0:00,4/20/2022 15:22
9a5cff6f-b009-4e1e-a960-f0dfe9163653,eastus2,dmc,dmcnonprodkvlogs,Available,There aren't any known Azure platform problems affecting this storage account.,,3/21/2022 0:00,4/20/2022 15:22
9a5cff6f-b009-4e1e-a960-f0dfe9163653,eastus2,dmc,dmcprodkvlogs,Available,There aren't any known Azure platform problems affecting this storage account.,,3/21/2022 0:00,4/20/2022 15:22
9a5cff6f-b009-4e1e-a960-f0dfe9163653,eastus2,dmc,dmcnonprod,Available,There aren't any known Azure platform problems affecting this key vault.,,3/21/2022 0:00,4/20/2022 15:22
9a5cff6f-b009-4e1e-a960-f0dfe9163653,eastus2,dmc,dmcprod,Available,There aren't any known Azure platform problems affecting this key vault.,,3/21/2022 0:00,4/20/2022 15:22
9a5cff6f-b009-4e1e-a960-f0dfe9163653,eastus,pst_export,pragrouppstexport,Available,There aren't any known Azure platform problems affecting this storage account.,,3/21/2022 0:00,4/20/2022 15:22
9a5cff6f-b009-4e1e-a960-f0dfe9163653,eastus2,sedi,sedi,Available,There aren't any known Azure platform problems affecting this key vault.,,3/21/2022 0:00,4/20/2022 15:22
9a5cff6f-b009-4e1e-a960-f0dfe9163653,eastus2,sedi,sedikvlogs,Available,There aren't any known Azure platform problems affecting this storage account.,,3/21/2022 0:00,4/20/2022 15:22
9a5cff6f-b009-4e1e-a960-f0dfe9163653,eastus2,sedi,prasediterraform,Available,There aren't any known Azure platform problems affecting this storage account.,,3/21/2022 0:00,4/20/2022 15:22
9a5cff6f-b009-4e1e-a960-f0dfe9163653,eastus2,pranet,praappdevcore,Available,There aren't any known Azure platform problems affecting this key vault.,,3/21/2022 0:00,4/20/2022 15:22
9a5cff6f-b009-4e1e-a960-f0dfe9163653,eastus2,pranet,pranetprod,Available,There aren't any known Azure platform problems affecting this key vault.,,3/21/2022 0:00,4/20/2022 15:22
9a5cff6f-b009-4e1e-a960-f0dfe9163653,eastus2,pranet,pranetnonprod,Available,There aren't any known Azure platform problems affecting this key vault.,,3/21/2022 0:00,4/20/2022 15:22
9a5cff6f-b009-4e1e-a960-f0dfe9163653,eastus2,pranet,praappdevcorekvlogs,Available,There aren't any known Azure platform problems affecting this storage account.,,3/21/2022 0:00,4/20/2022 15:22
9a5cff6f-b009-4e1e-a960-f0dfe9163653,eastus2,pranet,pranetprodkvlogs,Available,There aren't any known Azure platform problems affecting this storage account.,,3/21/2022 0:00,4/20/2022 15:22
9a5cff6f-b009-4e1e-a960-f0dfe9163653,eastus2,pranet,pranetnonprodkvlogs,Available,There aren't any known Azure platform problems affecting this storage account.,,3/21/2022 0:00,4/20/2022 15:22
9a5cff6f-b009-4e1e-a960-f0dfe9163653,eastus2,pranxt,pranxtprod,Available,There aren't any known Azure platform problems affecting this key vault.,,3/21/2022 0:00,4/20/2022 15:22
9a5cff6f-b009-4e1e-a960-f0dfe9163653,eastus2,pranxt,pranxtnonprod,Available,There aren't any known Azure platform problems affecting this key vault.,,3/21/2022 0:00,4/20/2022 15:22
9a5cff6f-b009-4e1e-a960-f0dfe9163653,eastus2,pranxt,pranxtnonprodkvlogs,Available,There aren't any known Azure platform problems affecting this storage account.,,3/21/2022 0:00,4/20/2022 15:22
9a5cff6f-b009-4e1e-a960-f0dfe9163653,eastus2,pranxt,pranxtprodkvlogs,Available,There aren't any known Azure platform problems affecting this storage account.,,3/21/2022 0:00,4/20/2022 15:22
9a5cff6f-b009-4e1e-a960-f0dfe9163653,eastus2,insolvency,praappdevinkvlogs,Available,There aren't any known Azure platform problems affecting this storage account.,,3/21/2022 0:00,4/20/2022 15:22
9a5cff6f-b009-4e1e-a960-f0dfe9163653,eastus2,insolvency,insolvencynonprodkvlogs,Available,There aren't any known Azure platform problems affecting this storage account.,,3/21/2022 0:00,4/20/2022 15:22
9a5cff6f-b009-4e1e-a960-f0dfe9163653,eastus2,insolvency,insolvencyprodkvlogs,Available,There aren't any known Azure platform problems affecting this storage account.,,4/17/2022 15:54,4/20/2022 15:22
9a5cff6f-b009-4e1e-a960-f0dfe9163653,eastus2,insolvency,praappdevinsolvency,Available,There aren't any known Azure platform problems affecting this key vault.,,3/21/2022 0:00,4/20/2022 15:22
9a5cff6f-b009-4e1e-a960-f0dfe9163653,eastus2,insolvency,insolvencynonprod,Available,There aren't any known Azure platform problems affecting this key vault.,,3/21/2022 0:00,4/20/2022 15:22
9a5cff6f-b009-4e1e-a960-f0dfe9163653,eastus2,insolvency,insolvencyprod,Available,There aren't any known Azure platform problems affecting this key vault.,,3/21/2022 0:00,4/20/2022 15:22
9a5cff6f-b009-4e1e-a960-f0dfe9163653,eastus,cloud-shell-storage-eastus,cs21003bffd977963a5,Available,There aren't any known Azure platform problems affecting this storage account.,,3/21/2022 0:00,4/20/2022 15:22
9a5cff6f-b009-4e1e-a960-f0dfe9163653,eastus,cloud-shell-storage-eastus,cs210033fff977f89d2,Available,There aren't any known Azure platform problems affecting this storage account.,,3/21/2022 0:00,4/20/2022 15:22
9a5cff6f-b009-4e1e-a960-f0dfe9163653,eastus,cloud-shell-storage-eastus,cs21003bffda5a8c34f,Available,There aren't any known Azure platform problems affecting this storage account.,,3/21/2022 0:00,4/20/2022 15:22
f017b865-2ef4-42a8-9b96-97ab35db375e,centralus,rg-it-network-hub-cus-001,cent-fw02,Available,There aren't any known Azure platform problems affecting this virtual machine.,,3/21/2022 0:00,4/20/2022 15:22
f017b865-2ef4-42a8-9b96-97ab35db375e,centralus,rg-it-network-hub-cus-001,cent-fw01,Available,There aren't any known Azure platform problems affecting this virtual machine.,,3/21/2022 0:00,4/20/2022 15:22
f017b865-2ef4-42a8-9b96-97ab35db375e,centralus,rg-it-network-hub-cus-001,lbe-it-network-fnd-cus-001,Available,There aren't any known Azure platform problems affecting this Load Balancer.,,3/21/2022 0:00,4/20/2022 15:22
f017b865-2ef4-42a8-9b96-97ab35db375e,centralus,rg-it-network-hub-cus-001,lbi-it-network-fnd-cus-001,Available,There aren't any known Azure platform problems affecting this Load Balancer.,,3/21/2022 0:00,4/20/2022 15:22
f017b865-2ef4-42a8-9b96-97ab35db375e,centralus,rg-it-network-hub-cus-001,erc-it-hub-fnd-cus-001,Available,There are no known Azure platform problems affecting this ExpressRoute circuit.,,3/21/2022 0:00,4/20/2022 15:22
f017b865-2ef4-42a8-9b96-97ab35db375e,centralus,rg-it-network-hub-cus-001,vgw-it-hub-fnd-cus-001,Available,This gateway is running normally. There aren’t any known Azure platform problems affecting this gateway.,,3/21/2022 0:00,4/20/2022 15:22
f017b865-2ef4-42a8-9b96-97ab35db375e,centralus,rg-it-network-hub-cus-001,con-it-hub-fnd-cus-001,Available,This VPN connection is running normally. There aren’t any known Azure platform problems affecting this VPN connection.,,3/21/2022 0:00,4/20/2022 15:22
f017b865-2ef4-42a8-9b96-97ab35db375e,centralus,rg-it-network-hub-cus-001,con-it-hub-fnd-cus-002,Available,This VPN connection is running normally. There aren’t any known Azure platform problems affecting this VPN connection.,,3/21/2022 0:00,4/20/2022 15:22
f017b865-2ef4-42a8-9b96-97ab35db375e,centralus,rg-it-coresvcs-dr-cus-001,stitcoresvcsprodcus001,Available,There aren't any known Azure platform problems affecting this storage account.,,3/21/2022 0:00,4/20/2022 15:22
f017b865-2ef4-42a8-9b96-97ab35db375e,centralus,rg-it-coresvcs-dr-cus-001,evh-it-coresvcs-prod-cus-001,Available,There are no known issues affecting this Event Hubs namespace.,,3/21/2022 0:00,4/20/2022 15:22
f017b865-2ef4-42a8-9b96-97ab35db375e,centralus,rg-it-coresvcs-dr-cus-001,qrdrcus001-vmlinux-0,Available,There aren't any known Azure platform problems affecting this virtual machine.,,3/21/2022 0:00,4/20/2022 15:22
f017b865-2ef4-42a8-9b96-97ab35db375e,centralus,rg-it-coresvcs-dr-cus-001,dnsfwdprodcus001-vmlinux-0,Available,There aren't any known Azure platform problems affecting this virtual machine.,,3/21/2022 0:00,4/20/2022 15:22
f017b865-2ef4-42a8-9b96-97ab35db375e,centralus,rg-it-coresvcs-dr-cus-001,rsv-it-coresvcs-prod-cus-001,Available,There are no known issues affecting this recovery service vault.,,3/21/2022 0:00,4/20/2022 15:22
f017b865-2ef4-42a8-9b96-97ab35db375e,centralus,rg-it-mon-fnd-cus-001,log-it-mon-fnd-cus-001,Available,There aren't any known Azure platform problems affecting this workspace.,,3/29/2022 20:15,4/20/2022 15:22
f017b865-2ef4-42a8-9b96-97ab35db375e,centralus,rg-it-mon-fnd-cus-001,stitmonfndcus001,Available,There aren't any known Azure platform problems affecting this storage account.,,3/21/2022 0:00,4/20/2022 15:22
